Product_ID,Sale_Date,Sales_Rep,Region,Sales_Amount,Quantity_Sold,Product_Category,Unit_Cost,Unit_Price,Customer_Type,Discount,Payment_Method,Sales_Channel,Region_and_Sales_Rep,Total_Cost,Profit,Profit_Margin,Year,Month,Month_Name,Quarter
1052,2023-02-03,Bob,North,5053.97,18,Furniture,152.75,267.22,Returning,0.09,Cash,Online,North-Bob,2749.5,2304.4700000000003,45.5972235687984,2023,2,February,1
1093,2023-04-21,Bob,West,4384.02,17,Furniture,3816.39,4209.44,Returning,0.11,Cash,Retail,West-Bob,64878.63,-60494.61,-1379.889005980812,2023,4,April,2
1015,2023-09-21,David,South,4631.23,30,Food,261.56,371.4,Returning,0.2,Bank Transfer,Retail,South-David,7846.8,-3215.5700000000006,-69.43231063885837,2023,9,September,3
1072,2023-08-24,Bob,South,2167.94,39,Clothing,4330.03,4467.75,New,0.02,Credit Card,Retail,South-Bob,168871.16999999998,-166703.22999999998,-7689.476184765261,2023,8,August,3
1061,2023-03-24,Charlie,East,3750.2,13,Electronics,637.37,692.71,New,0.08,Credit Card,Online,East-Charlie,8285.81,-4535.61,-120.94314969868275,2023,3,March,1
1021,2023-02-11,Charlie,West,3761.15,32,Food,900.79,1106.51,New,0.21,Cash,Online,West-Charlie,28825.28,-25064.129999999997,-666.3953843904125,2023,2,February,1
1083,2023-04-11,Bob,West,618.31,29,Furniture,2408.81,2624.09,Returning,0.14,Cash,Online,West-Bob,69855.49,-69237.18000000001,-11197.810159952129,2023,4,April,2
1087,2023-01-06,Eve,South,7698.92,46,Furniture,3702.51,3964.65,New,0.12,Bank Transfer,Online,South-Eve,170315.46000000002,-162616.54,-2112.1993734186094,2023,1,January,1
1075,2023-06-29,David,South,4223.39,30,Furniture,738.06,1095.4499999999998,New,0.05,Bank Transfer,Online,South-David,22141.8,-17918.41,-424.2660516788645,2023,6,June,2
1075,2023-10-09,Charlie,West,8239.58,18,Clothing,2228.35,2682.34,New,0.13,Bank Transfer,Online,West-Charlie,40110.299999999996,-31870.719999999994,-386.80029807344545,2023,10,October,4
1088,2023-11-16,Eve,North,8518.45,13,Furniture,2440.11,2517.6,New,0.23,Bank Transfer,Retail,North-Eve,31721.43,-23202.98,-272.38499961847515,2023,11,November,4
1100,2023-08-14,Bob,West,2198.74,43,Food,1100.81,1137.44,Returning,0.08,Bank Transfer,Online,West-Bob,47334.829999999994,-45136.09,-2052.8161583452343,2023,8,August,3
1024,2023-11-11,Eve,West,6607.8,21,Food,622.01,641.09,Returning,0.0,Bank Transfer,Retail,West-Eve,13062.21,-6454.409999999999,-97.67865250158901,2023,11,November,4
1003,2023-12-31,Alice,South,4775.59,30,Furniture,4190.28,4270.65,New,0.2,Cash,Online,South-Alice,125708.4,-120932.81,-2532.3114002667735,2023,12,December,4
1022,2023-08-17,Charlie,South,8813.55,21,Food,2537.2,2869.6,New,0.29,Bank Transfer,Retail,South-Charlie,53281.2,-44467.649999999994,-504.5373317221777,2023,8,August,3
1053,2023-10-16,Bob,North,2235.83,48,Furniture,121.19,487.65,New,0.18,Cash,Retail,North-Bob,5817.12,-3581.29,-160.1772048858813,2023,10,October,4
1002,2023-05-30,David,North,6810.35,17,Furniture,4024.76,4420.150000000001,Returning,0.04,Cash,Online,North-David,68420.92,-61610.57,-904.6608470930275,2023,5,May,2
1088,2023-10-04,Bob,East,6116.75,40,Electronics,4904.93,5034.35,New,0.1,Credit Card,Retail,East-Bob,196197.2,-190080.45,-3107.5399517717747,2023,10,October,4
1030,2023-07-17,David,West,3023.48,19,Clothing,3049.33,3209.22,Returning,0.26,Cash,Online,West-David,57937.27,-54913.78999999999,-1816.244526175136,2023,7,July,3
1038,2023-03-11,Bob,South,1452.35,15,Clothing,2543.36,2790.1000000000004,Returning,0.07,Cash,Online,South-Bob,38150.4,-36698.05,-2526.8048335456333,2023,3,March,1
1002,2023-04-22,Eve,North,6551.23,9,Electronics,4398.16,4439.12,New,0.18,Bank Transfer,Online,North-Eve,39583.44,-33032.21000000001,-504.2138651825689,2023,4,April,2
1064,2023-01-04,Eve,East,7412.11,10,Electronics,4764.96,5074.42,New,0.12,Cash,Online,East-Eve,47649.6,-40237.49,-542.8614793898093,2023,1,January,1
1060,2023-12-16,Eve,East,3224.71,44,Clothing,3784.96,4276.99,New,0.06,Bank Transfer,Retail,East-Eve,166538.24,-163313.53,-5064.440833439286,2023,12,December,4
1021,2023-11-27,Alice,South,6483.84,31,Furniture,2254.99,2441.79,Returning,0.24,Bank Transfer,Online,South-Alice,69904.68999999999,-63420.84999999999,-978.1371841377947,2023,11,November,4
1033,2023-11-14,David,South,4011.8,23,Furniture,2981.5,3360.4,Returning,0.22,Bank Transfer,Retail,South-David,68574.5,-64562.7,-1609.320005982352,2023,11,November,4
1076,2023-12-16,Eve,East,7160.75,30,Clothing,3519.63,3774.65,New,0.2,Credit Card,Retail,East-Eve,105588.90000000001,-98428.15000000001,-1374.5508501204483,2023,12,December,4
1058,2023-04-05,Alice,North,2072.23,33,Furniture,1011.65,1084.28,Returning,0.07,Bank Transfer,Retail,North-Alice,33384.45,-31312.219999999998,-1511.0397977058528,2023,4,April,2
1022,2023-06-01,David,East,8913.13,9,Electronics,2263.65,2558.9500000000003,New,0.03,Cash,Online,East-David,20372.850000000002,-11459.720000000003,-128.57122021108188,2023,6,June,2
1089,2023-11-07,Bob,West,2945.36,47,Furniture,4157.62,4314.56,New,0.17,Bank Transfer,Retail,West-Bob,195408.13999999998,-192462.78,-6534.439932639813,2023,11,November,4
1049,2023-05-17,Alice,West,3741.08,1,Furniture,3290.89,3317.75,Returning,0.17,Bank Transfer,Online,West-Alice,3290.89,450.19000000000005,12.033690805863548,2023,5,May,2
1091,2023-09-04,Charlie,South,675.11,44,Food,2085.46,2406.58,Returning,0.06,Bank Transfer,Retail,South-Charlie,91760.24,-91085.13,-13491.894654204501,2023,9,September,3
1059,2023-08-31,Alice,North,1203.97,35,Food,3333.64,3764.52,Returning,0.02,Credit Card,Online,North-Alice,116677.4,-115473.43,-9591.055424969061,2023,8,August,3
1042,2023-01-31,Alice,North,5207.03,11,Food,635.2,814.1400000000001,Returning,0.02,Cash,Online,North-Alice,6987.200000000001,-1780.170000000001,-34.187819159866585,2023,1,January,1
1092,2023-02-09,David,West,2749.17,34,Furniture,2037.41,2238.65,New,0.3,Credit Card,Online,West-David,69271.94,-66522.77,-2419.7401397512704,2023,2,February,1
1060,2023-08-17,Bob,East,8371.25,16,Clothing,3975.99,4422.59,New,0.24,Cash,Online,East-Bob,63615.84,-55244.59,-659.9323876362549,2023,8,August,3
1080,2023-02-05,Charlie,South,245.46,9,Electronics,1141.52,1550.19,New,0.28,Credit Card,Retail,South-Charlie,10273.68,-10028.220000000001,-4085.480322659497,2023,2,February,1
1015,2023-08-11,Eve,East,3853.03,32,Furniture,970.51,1330.84,Returning,0.06,Cash,Retail,East-Eve,31056.32,-27203.29,-706.023311523658,2023,8,August,3
1062,2023-01-06,Eve,East,3439.72,15,Clothing,4756.55,4888.46,New,0.29,Credit Card,Online,East-Eve,71348.25,-67908.53,-1974.2458688497902,2023,1,January,1
1062,2023-11-18,Alice,East,291.34,12,Furniture,1088.99,1545.0,Returning,0.04,Bank Transfer,Retail,East-Alice,13067.880000000001,-12776.54,-4385.439692455551,2023,11,November,4
1047,2023-08-08,David,North,1331.25,33,Electronics,1341.55,1427.21,Returning,0.15,Credit Card,Online,North-David,44271.15,-42939.9,-3225.532394366197,2023,8,August,3
1062,2023-03-16,David,West,4195.06,45,Furniture,4849.6,5166.72,Returning,0.25,Credit Card,Online,West-David,218232.00000000003,-214036.94000000003,-5102.118682450311,2023,3,March,1
1051,2023-01-04,Eve,North,4979.36,14,Electronics,3686.81,3710.92,New,0.1,Bank Transfer,Retail,North-Eve,51615.34,-46635.979999999996,-936.585826290929,2023,1,January,1
1055,2023-12-01,Charlie,West,4102.47,8,Furniture,3513.0,3838.42,Returning,0.13,Bank Transfer,Online,West-Charlie,28104.0,-24001.53,-585.0507133507374,2023,12,December,4
1064,2023-05-14,Bob,South,5356.28,8,Electronics,4271.99,4417.79,Returning,0.04,Cash,Online,South-Bob,34175.92,-28819.64,-538.0532757809525,2023,5,May,2
1003,2023-04-28,Charlie,South,5991.8,27,Furniture,623.32,853.6600000000001,Returning,0.04,Cash,Online,South-Charlie,16829.640000000003,-10837.840000000004,-180.87786641743722,2023,4,April,2
1051,2023-04-04,Bob,East,198.25,12,Electronics,3544.48,3723.66,Returning,0.19,Cash,Online,East-Bob,42533.76,-42335.51,-21354.607818411096,2023,4,April,2
1007,2023-03-03,Eve,West,4694.54,1,Food,2543.26,2637.9100000000003,Returning,0.2,Credit Card,Online,West-Eve,2543.26,2151.2799999999997,45.82515006795128,2023,3,March,1
1021,2023-07-13,Bob,West,9638.64,43,Furniture,4154.3,4469.07,Returning,0.23,Cash,Retail,West-Bob,178634.9,-168996.26,-1753.3205929467229,2023,7,July,3
1073,2023-12-01,David,West,5238.42,40,Furniture,2565.3,3007.4700000000003,Returning,0.17,Credit Card,Retail,West-David,102612.0,-97373.58,-1858.8349158715796,2023,12,December,4
1039,2023-07-22,Alice,East,6807.67,42,Clothing,3120.19,3600.14,Returning,0.19,Credit Card,Retail,East-Alice,131047.98,-124240.31,-1825.0048841967957,2023,7,July,3
1018,2023-01-26,Alice,East,3187.45,11,Clothing,2414.82,2519.07,Returning,0.0,Cash,Online,East-Alice,26563.02,-23375.57,-733.3627194152066,2023,1,January,1
1004,2023-06-22,Eve,South,7762.51,39,Electronics,2416.89,2778.4,Returning,0.05,Cash,Online,South-Eve,94258.70999999999,-86496.2,-1114.2813342591505,2023,6,June,2
1089,2023-10-27,David,North,7751.92,43,Furniture,3851.45,4186.98,Returning,0.3,Credit Card,Online,North-David,165612.35,-157860.43,-2036.4042714579095,2023,10,October,4
1060,2023-05-13,Charlie,West,5260.83,31,Electronics,3161.4,3339.66,Returning,0.02,Bank Transfer,Online,West-Charlie,98003.40000000001,-92742.57,-1762.8885556081457,2023,5,May,2
1014,2023-11-22,David,West,9762.54,17,Food,3184.65,3204.01,New,0.2,Bank Transfer,Online,West-David,54139.05,-44376.51,-454.5590594251086,2023,11,November,4
1009,2023-04-28,Alice,North,1342.95,33,Clothing,2278.9,2626.9,New,0.05,Credit Card,Online,North-Alice,75203.7,-73860.75,-5499.8883055958895,2023,4,April,2
1090,2023-11-20,Alice,West,267.78,32,Electronics,2678.99,3152.28,Returning,0.22,Cash,Retail,West-Alice,85727.68,-85459.9,-31914.22062887445,2023,11,November,4
1053,2023-10-02,David,East,7724.57,29,Electronics,3741.3,4061.04,Returning,0.21,Credit Card,Online,East-David,108497.70000000001,-100773.13,-1304.5791545678271,2023,10,October,4
1002,2023-07-31,David,East,8090.84,21,Clothing,4138.41,4361.7,Returning,0.07,Credit Card,Retail,East-David,86906.61,-78815.77,-974.1358128451434,2023,7,July,3
1084,2023-08-13,Alice,West,1290.05,21,Furniture,3497.98,3765.31,New,0.08,Cash,Online,West-Alice,73457.58,-72167.53,-5594.165342428588,2023,8,August,3
1092,2023-01-20,Charlie,East,2729.27,40,Electronics,4624.16,4731.98,New,0.2,Bank Transfer,Retail,East-Charlie,184966.4,-182237.13,-6677.1382091181895,2023,1,January,1
1060,2023-04-23,Eve,East,273.77,23,Clothing,4110.6,4488.370000000001,New,0.12,Credit Card,Online,East-Eve,94543.8,-94270.03,-34434.024911422,2023,4,April,2
1071,2023-05-20,Eve,West,3003.76,6,Furniture,2831.23,3206.98,Returning,0.06,Bank Transfer,Retail,West-Eve,16987.38,-13983.62,-465.53719338429164,2023,5,May,2
1044,2023-02-16,David,South,7754.1,22,Food,3373.46,3454.76,Returning,0.22,Bank Transfer,Retail,South-David,74216.12,-66462.01999999999,-857.1210069511611,2023,2,February,1
1008,2023-01-01,Eve,North,5227.81,38,Clothing,4635.23,5075.44,Returning,0.05,Cash,Online,North-Eve,176138.74,-170910.93,-3269.264376478869,2023,1,January,1
1047,2023-03-31,Alice,East,3546.15,37,Electronics,3114.88,3256.78,Returning,0.26,Credit Card,Online,East-Alice,115250.56,-111704.41,-3150.0193167237708,2023,3,March,1
1035,2023-05-22,Alice,South,3780.22,45,Food,4132.79,4624.1,New,0.15,Credit Card,Retail,South-Alice,185975.55,-182195.33,-4819.701763389433,2023,5,May,2
1078,2023-11-16,David,East,113.4,8,Furniture,3459.61,3657.23,Returning,0.03,Bank Transfer,Online,East-David,27676.88,-27563.48,-24306.41975308642,2023,11,November,4
1081,2023-02-07,David,East,3068.03,41,Furniture,2782.08,2879.24,New,0.21,Bank Transfer,Online,East-David,114065.28,-110997.25,-3617.8671655753037,2023,2,February,1
1036,2023-10-20,David,North,6499.94,49,Clothing,1247.1,1429.4399999999998,New,0.16,Cash,Online,North-David,61107.899999999994,-54607.95999999999,-840.1302165866146,2023,10,October,4
1050,2023-05-19,Charlie,East,9744.52,35,Clothing,2158.69,2384.38,Returning,0.09,Bank Transfer,Retail,East-Charlie,75554.15000000001,-65809.63,-675.3501455176859,2023,5,May,2
1004,2023-12-22,Eve,North,8485.9,11,Clothing,4840.33,4884.29,New,0.13,Cash,Online,North-Eve,53243.63,-44757.729999999996,-527.4364534109523,2023,12,December,4
1002,2023-11-29,David,North,333.59,24,Furniture,3305.94,3599.27,New,0.09,Credit Card,Retail,North-David,79342.56,-79008.97,-23684.45397044276,2023,11,November,4
1006,2023-09-16,Bob,North,8995.75,49,Food,2843.76,3146.6000000000004,New,0.08,Cash,Retail,North-Bob,139344.24000000002,-130348.49000000002,-1449.0008059361367,2023,9,September,3
1054,2023-06-10,Bob,South,7853.66,21,Furniture,4668.14,5040.22,New,0.05,Bank Transfer,Online,South-Bob,98030.94,-90177.28,-1148.2198108907185,2023,6,June,2
1004,2023-06-27,Alice,West,7825.72,2,Electronics,2953.23,2977.52,Returning,0.11,Credit Card,Retail,West-Alice,5906.46,1919.2600000000002,24.525027729077966,2023,6,June,2
1054,2023-01-10,Eve,South,4634.16,40,Furniture,2654.11,2929.32,Returning,0.08,Cash,Online,South-Eve,106164.40000000001,-101530.24,-2190.9092478464277,2023,1,January,1
1093,2023-09-18,David,West,4040.25,19,Electronics,3808.59,3844.51,New,0.21,Credit Card,Online,West-David,72363.21,-68322.96,-1691.0577315760165,2023,9,September,3
1063,2023-05-18,Bob,West,3098.87,39,Food,3577.69,3931.25,Returning,0.21,Cash,Retail,West-Bob,139529.91,-136431.04,-4402.606111259912,2023,5,May,2
1018,2023-06-21,Eve,North,750.38,28,Clothing,1006.14,1043.45,New,0.15,Bank Transfer,Retail,North-Eve,28171.92,-27421.539999999997,-3654.3537940776673,2023,6,June,2
1090,2023-01-13,Alice,East,2359.53,17,Clothing,2382.98,2839.73,Returning,0.23,Bank Transfer,Retail,East-Alice,40510.66,-38151.130000000005,-1616.8953138972593,2023,1,January,1
1044,2023-06-17,Charlie,North,2541.38,6,Furniture,2388.95,2742.97,Returning,0.25,Credit Card,Retail,North-Charlie,14333.699999999999,-11792.32,-464.0124656682589,2023,6,June,2
1034,2023-05-10,Eve,East,4892.36,19,Clothing,1922.21,2180.83,Returning,0.17,Credit Card,Retail,East-Eve,36521.99,-31629.629999999997,-646.510681961262,2023,5,May,2
1074,2023-03-25,Eve,West,7499.7,38,Food,2610.6,2836.94,Returning,0.19,Credit Card,Online,West-Eve,99202.8,-91703.1,-1222.7569102764112,2023,3,March,1
1062,2023-11-17,Charlie,North,4790.72,28,Clothing,2094.88,2168.9100000000003,Returning,0.08,Cash,Retail,North-Charlie,58656.64,-53865.92,-1124.3804689065526,2023,11,November,4
1100,2023-11-15,Eve,East,672.66,2,Furniture,1036.76,1189.35,New,0.27,Bank Transfer,Online,East-Eve,2073.52,-1400.8600000000001,-208.2567716231083,2023,11,November,4
1014,2023-04-11,Alice,South,9582.12,38,Food,2091.21,2527.0,Returning,0.01,Credit Card,Online,South-Alice,79465.98,-69883.86,-729.3152246058283,2023,4,April,2
1095,2023-11-25,Alice,East,9432.97,37,Electronics,407.77,860.95,New,0.1,Credit Card,Retail,East-Alice,15087.49,-5654.52,-59.94421693273699,2023,11,November,4
1048,2023-09-30,Charlie,North,7873.38,4,Furniture,2900.14,2910.51,New,0.22,Credit Card,Retail,North-Charlie,11600.56,-3727.1799999999994,-47.339008151518144,2023,9,September,3
1015,2023-09-22,David,South,9914.15,22,Electronics,4275.59,4576.72,Returning,0.02,Cash,Retail,South-David,94062.98000000001,-84148.83000000002,-848.7750336640056,2023,9,September,3
1072,2023-02-07,Bob,East,5490.38,26,Food,3640.17,4002.63,New,0.05,Credit Card,Retail,East-Bob,94644.42,-89154.04,-1623.8227590804279,2023,2,February,1
1078,2023-04-04,David,East,9631.41,49,Furniture,1833.95,2147.14,Returning,0.18,Credit Card,Retail,East-David,89863.55,-80232.14,-833.0259017111722,2023,4,April,2
1087,2023-04-05,Eve,East,848.49,43,Furniture,481.0,531.02,New,0.17,Cash,Online,East-Eve,20683.0,-19834.51,-2337.6244858513355,2023,4,April,2
1062,2023-11-01,Bob,East,3720.24,36,Food,1050.64,1167.3300000000002,New,0.22,Cash,Online,East-Bob,37823.04,-34102.8,-916.6827946584092,2023,11,November,4
1040,2023-03-10,Charlie,East,2331.27,13,Clothing,2750.18,2882.85,Returning,0.24,Credit Card,Online,East-Charlie,35752.34,-33421.07,-1433.5992827943567,2023,3,March,1
1085,2023-11-14,Charlie,South,2038.75,32,Furniture,1074.93,1492.48,Returning,0.04,Credit Card,Retail,South-Charlie,34397.76,-32359.010000000002,-1587.1985285101166,2023,11,November,4
1080,2023-08-24,Bob,West,1493.95,17,Furniture,2742.67,2979.64,Returning,0.01,Cash,Retail,West-Bob,46625.39,-45131.44,-3020.947153519194,2023,8,August,3
1082,2023-11-30,Alice,South,6261.9,41,Electronics,1196.42,1444.97,Returning,0.21,Bank Transfer,Online,South-Alice,49053.22,-42791.32,-683.3600025551351,2023,11,November,4
1053,2023-05-17,Bob,South,7835.09,36,Clothing,4252.17,4720.27,New,0.09,Cash,Retail,South-Bob,153078.12,-145243.03,-1853.7506269870544,2023,5,May,2
1024,2023-03-17,Eve,South,5825.15,46,Electronics,2016.49,2338.66,Returning,0.19,Bank Transfer,Retail,South-Eve,92758.54,-86933.39,-1492.3802820528226,2023,3,March,1
1026,2023-02-04,Alice,West,1554.93,19,Electronics,1265.48,1715.83,New,0.05,Credit Card,Retail,West-Alice,24044.12,-22489.19,-1446.3152682114305,2023,2,February,1
1089,2023-01-01,Charlie,North,8130.13,35,Clothing,4071.01,4304.7,New,0.14,Credit Card,Online,North-Charlie,142485.35,-134355.22,-1652.55930716975,2023,1,January,1
1060,2023-10-23,Bob,West,6395.95,46,Clothing,1747.05,1830.27,New,0.15,Bank Transfer,Retail,West-Bob,80364.3,-73968.35,-1156.487308374831,2023,10,October,4
1041,2023-11-16,David,South,3942.84,40,Food,601.86,1067.53,New,0.18,Cash,Online,South-David,24074.4,-20131.56,-510.5852634141888,2023,11,November,4
1029,2023-03-01,David,East,6773.89,28,Clothing,2873.53,3108.3,New,0.15,Credit Card,Retail,East-David,80458.84000000001,-73684.95000000001,-1087.7789571427938,2023,3,March,1
1015,2023-11-16,Eve,East,2673.06,1,Furniture,2928.74,3027.74,New,0.15,Bank Transfer,Retail,East-Eve,2928.74,-255.67999999999984,-9.565067750069204,2023,11,November,4
1045,2023-12-15,David,South,3517.4,42,Clothing,3587.74,3745.91,Returning,0.1,Cash,Online,South-David,150685.08,-147167.68,-4183.990447489623,2023,12,December,4
1065,2023-11-24,Bob,East,9183.11,18,Food,1239.09,1273.98,New,0.02,Bank Transfer,Retail,East-Bob,22303.62,-13120.509999999998,-142.87654182515507,2023,11,November,4
1089,2023-09-24,Bob,South,2975.99,48,Food,2246.67,2486.14,New,0.03,Cash,Retail,South-Bob,107840.16,-104864.17,-3523.6734666447132,2023,9,September,3
1071,2023-12-27,David,East,4752.88,40,Food,1447.72,1875.75,New,0.13,Cash,Retail,East-David,57908.8,-53155.920000000006,-1118.3939001195065,2023,12,December,4
1009,2023-08-17,Bob,West,8912.4,33,Clothing,450.72,918.17,Returning,0.11,Cash,Online,West-Bob,14873.76,-5961.360000000001,-66.88838023428035,2023,8,August,3
1088,2023-09-27,Eve,North,7106.44,12,Clothing,4389.24,4856.219999999999,Returning,0.15,Cash,Retail,North-Eve,52670.88,-45564.439999999995,-641.1711067707599,2023,9,September,3
1001,2023-11-12,Alice,North,715.81,8,Electronics,3657.91,3729.27,New,0.09,Bank Transfer,Retail,North-Alice,29263.28,-28547.469999999998,-3988.1351196546566,2023,11,November,4
1008,2023-10-13,Eve,West,1558.3,24,Electronics,1542.24,1739.45,Returning,0.21,Bank Transfer,Retail,West-Eve,37013.76,-35455.46,-2275.2653532695886,2023,10,October,4
1088,2023-10-18,Eve,West,177.63,16,Furniture,3016.9,3040.73,New,0.26,Bank Transfer,Retail,West-Eve,48270.4,-48092.770000000004,-27074.688960198164,2023,10,October,4
1063,2023-08-01,Bob,South,6346.13,4,Electronics,1046.26,1475.29,Returning,0.09,Bank Transfer,Retail,South-Bob,4185.04,2161.09,34.0536673531743,2023,8,August,3
1011,2023-06-14,Alice,South,4531.97,38,Furniture,4456.67,4642.46,New,0.06,Bank Transfer,Online,South-Alice,169353.46,-164821.49,-3636.8618944962122,2023,6,June,2
1081,2023-01-05,Bob,South,1429.32,44,Food,618.79,938.04,Returning,0.03,Cash,Online,South-Bob,27226.76,-25797.44,-1804.8750454761705,2023,1,January,1
1008,2023-12-05,Charlie,East,9583.55,27,Electronics,68.99,429.29,Returning,0.18,Credit Card,Retail,East-Charlie,1862.7299999999998,7720.82,80.56325683071513,2023,12,December,4
1035,2023-03-19,Bob,South,5343.63,9,Clothing,2534.94,2755.56,Returning,0.13,Credit Card,Retail,South-Bob,22814.46,-17470.829999999998,-326.94685073629716,2023,3,March,1
1035,2023-03-03,Bob,West,2494.74,47,Electronics,2936.48,3096.64,New,0.06,Bank Transfer,Online,West-Bob,138014.56,-135519.82,-5432.222195499331,2023,3,March,1
1033,2023-05-12,Bob,North,5055.98,16,Furniture,2915.88,3397.36,New,0.2,Bank Transfer,Retail,North-Bob,46654.08,-41598.100000000006,-822.7504855636298,2023,5,May,2
1005,2023-03-30,Alice,East,6828.24,12,Electronics,319.83,802.4300000000001,New,0.04,Credit Card,Retail,East-Alice,3837.96,2990.2799999999997,43.7928368071421,2023,3,March,1
1041,2023-08-25,Bob,South,854.77,31,Food,1604.52,1756.34,Returning,0.17,Cash,Retail,South-Bob,49740.12,-48885.350000000006,-5719.123272927221,2023,8,August,3
1028,2023-02-11,Alice,East,2819.57,24,Clothing,2521.03,2766.05,Returning,0.16,Bank Transfer,Retail,East-Alice,60504.72,-57685.15,-2045.8846561709763,2023,2,February,1
1007,2023-03-30,David,East,8088.96,14,Furniture,1122.07,1608.76,New,0.22,Cash,Retail,East-David,15708.98,-7620.0199999999995,-94.20271580030065,2023,3,March,1
1073,2023-10-23,Charlie,South,4650.68,45,Clothing,4369.5,4381.89,Returning,0.02,Credit Card,Retail,South-Charlie,196627.5,-191976.82,-4127.930109145329,2023,10,October,4
1072,2023-11-24,Alice,East,5511.11,25,Clothing,481.19,693.4,New,0.27,Credit Card,Retail,East-Alice,12029.75,-6518.64,-118.2817980406851,2023,11,November,4
1012,2023-10-22,David,North,4384.88,34,Furniture,2462.55,2521.77,New,0.21,Bank Transfer,Retail,North-David,83726.70000000001,-79341.82,-1809.4410793453872,2023,10,October,4
1034,2023-04-14,Alice,West,534.61,3,Clothing,3472.51,3732.0,New,0.06,Cash,Online,West-Alice,10417.53,-9882.92,-1848.622360225211,2023,4,April,2
1033,2023-01-14,Alice,West,1740.92,24,Clothing,1345.67,1367.76,New,0.06,Bank Transfer,Online,West-Alice,32296.08,-30555.160000000003,-1755.1156859591483,2023,1,January,1
1048,2023-10-15,Charlie,North,4510.86,42,Electronics,3139.99,3349.37,Returning,0.13,Credit Card,Retail,North-Charlie,131879.58,-127368.71999999999,-2823.60170787832,2023,10,October,4
1023,2023-06-28,Eve,East,2170.94,9,Clothing,4155.46,4273.6,Returning,0.25,Cash,Retail,East-Eve,37399.14,-35228.2,-1622.7164269855455,2023,6,June,2
1062,2023-05-05,Eve,South,594.79,26,Clothing,992.17,1263.49,Returning,0.25,Bank Transfer,Retail,South-Eve,25796.42,-25201.629999999997,-4237.063501403857,2023,5,May,2
1088,2023-12-19,Alice,East,8452.13,20,Clothing,4590.24,5088.28,New,0.16,Bank Transfer,Retail,East-Alice,91804.79999999999,-83352.66999999998,-986.1735444201638,2023,12,December,4
1037,2023-01-23,Bob,North,9813.81,40,Clothing,2790.11,3192.37,Returning,0.26,Bank Transfer,Online,North-Bob,111604.40000000001,-101790.59000000001,-1037.21785932273,2023,1,January,1
1099,2023-03-04,David,East,7952.11,10,Furniture,1531.2,1955.56,New,0.0,Credit Card,Online,East-David,15312.0,-7359.89,-92.55266841127701,2023,3,March,1
1044,2023-05-23,Bob,West,8552.47,19,Food,2182.75,2504.03,New,0.01,Bank Transfer,Online,West-Bob,41472.25,-32919.78,-384.91546886455023,2023,5,May,2
1086,2023-06-02,Bob,East,2495.57,3,Electronics,1595.35,1625.7099999999998,New,0.27,Cash,Online,East-Bob,4786.049999999999,-2290.479999999999,-91.78183741590094,2023,6,June,2
1091,2023-05-25,Alice,North,9610.21,24,Clothing,3639.3,3750.63,New,0.23,Bank Transfer,Retail,North-Alice,87343.20000000001,-77732.99000000002,-808.8583912318256,2023,5,May,2
1035,2023-08-13,Alice,West,2049.56,5,Clothing,3991.69,4454.97,New,0.14,Credit Card,Retail,West-Alice,19958.45,-17908.89,-873.7919358301294,2023,8,August,3
1065,2023-11-05,Alice,East,9519.16,3,Furniture,4173.04,4362.44,New,0.23,Bank Transfer,Retail,East-Alice,12519.119999999999,-2999.959999999999,-31.514965606208946,2023,11,November,4
1099,2023-04-14,Alice,East,9948.71,27,Food,4929.55,4990.33,Returning,0.29,Credit Card,Online,East-Alice,133097.85,-123149.14000000001,-1237.8402828105354,2023,4,April,2
1047,2023-04-14,Eve,West,7146.06,16,Clothing,3966.86,4321.04,Returning,0.23,Credit Card,Retail,West-Eve,63469.76,-56323.700000000004,-788.178380814043,2023,4,April,2
1078,2023-02-08,Alice,South,9813.32,49,Furniture,3026.85,3183.58,Returning,0.25,Cash,Retail,South-Alice,148315.65,-138502.33,-1411.370769525502,2023,2,February,1
1003,2023-07-17,Eve,West,5738.44,15,Electronics,1729.14,1870.88,Returning,0.23,Cash,Online,West-Eve,25937.100000000002,-20198.660000000003,-351.9886937913441,2023,7,July,3
1001,2023-05-14,Eve,South,2669.46,35,Electronics,2745.75,3244.76,New,0.05,Bank Transfer,Online,South-Eve,96101.25,-93431.79,-3500.025847924299,2023,5,May,2
1005,2023-03-08,Alice,North,4426.26,12,Clothing,253.29,683.78,New,0.25,Credit Card,Online,North-Alice,3039.48,1386.7800000000002,31.33073972157081,2023,3,March,1
1090,2023-06-28,Charlie,North,5976.25,41,Clothing,3736.88,3946.77,Returning,0.06,Credit Card,Online,North-Charlie,153212.08000000002,-147235.83000000002,-2463.6825768667645,2023,6,June,2
1014,2023-02-11,David,West,823.51,44,Food,2257.48,2747.81,Returning,0.27,Cash,Online,West-David,99329.12,-98505.61,-11961.677453825698,2023,2,February,1
1027,2023-01-15,Bob,West,6261.2,26,Food,149.11,477.67,Returning,0.14,Cash,Retail,West-Bob,3876.8600000000006,2384.3399999999992,38.08119849230178,2023,1,January,1
1009,2023-04-21,Eve,North,9813.66,47,Clothing,359.41,733.0,Returning,0.2,Bank Transfer,Retail,North-Eve,16892.27,-7078.610000000001,-72.13017365590413,2023,4,April,2
1079,2023-06-06,David,South,1982.07,34,Furniture,1967.96,1993.4,Returning,0.15,Credit Card,Online,South-David,66910.64,-64928.57,-3275.7960112407736,2023,6,June,2
1015,2023-10-16,Charlie,North,7946.69,23,Food,2937.94,3007.53,Returning,0.03,Cash,Retail,North-Charlie,67572.62,-59625.92999999999,-750.3240972027346,2023,10,October,4
1090,2023-08-19,Bob,West,9088.2,31,Clothing,2347.81,2668.02,Returning,0.09,Bank Transfer,Retail,West-Bob,72782.11,-63693.91,-700.8418608745405,2023,8,August,3
1042,2023-06-06,Bob,North,9442.65,20,Food,3115.06,3565.58,Returning,0.3,Credit Card,Retail,North-Bob,62301.2,-52858.549999999996,-559.7851238794194,2023,6,June,2
1077,2023-02-07,Eve,West,9605.34,12,Clothing,2427.46,2743.09,New,0.29,Credit Card,Retail,West-Eve,29129.52,-19524.18,-203.2638095059623,2023,2,February,1
1051,2023-04-07,Alice,West,5262.45,23,Electronics,3325.43,3401.1,New,0.1,Cash,Online,West-Alice,76484.89,-71222.44,-1353.4083934289163,2023,4,April,2
1063,2023-10-16,Charlie,North,9775.35,4,Clothing,1134.67,1201.39,New,0.3,Bank Transfer,Retail,North-Charlie,4538.68,5236.67,53.57015349834021,2023,10,October,4
1096,2023-09-11,Eve,South,7597.37,23,Electronics,608.57,1032.22,New,0.25,Cash,Retail,South-Eve,13997.11,-6399.740000000001,-84.23625544102762,2023,9,September,3
1052,2023-07-15,Charlie,East,1700.55,48,Food,3002.35,3080.61,Returning,0.18,Bank Transfer,Retail,East-Charlie,144112.8,-142412.25,-8374.481785304755,2023,7,July,3
1096,2023-03-27,Alice,North,4821.31,48,Clothing,2449.21,2714.12,New,0.01,Credit Card,Online,North-Alice,117562.08,-112740.77,-2338.3845884209895,2023,3,March,1
1004,2023-11-18,Alice,East,7211.48,1,Food,182.99,211.18,Returning,0.27,Bank Transfer,Retail,East-Alice,182.99,7028.49,97.4625180961467,2023,11,November,4
1094,2023-01-10,Eve,North,2548.67,25,Electronics,1933.39,1982.92,New,0.17,Bank Transfer,Online,North-Eve,48334.75,-45786.08,-1796.4695311672363,2023,1,January,1
1023,2023-01-05,Alice,East,6442.09,2,Clothing,575.32,914.77,Returning,0.26,Bank Transfer,Online,East-Alice,1150.64,5291.45,82.13871585153265,2023,1,January,1
1015,2023-05-03,David,South,6699.34,30,Food,2680.22,3027.92,Returning,0.25,Bank Transfer,Online,South-David,80406.59999999999,-73707.26,-1100.216737768198,2023,5,May,2
1043,2023-11-26,Bob,South,1710.73,3,Electronics,2009.1,2186.42,New,0.25,Bank Transfer,Online,South-Bob,6027.299999999999,-4316.57,-252.32327719745368,2023,11,November,4
1029,2023-12-19,Eve,North,5694.34,21,Food,3085.1,3200.75,New,0.21,Cash,Retail,North-Eve,64787.1,-59092.759999999995,-1037.7455508452251,2023,12,December,4
1036,2023-04-28,Charlie,West,7739.11,25,Furniture,4037.73,4446.45,Returning,0.09,Bank Transfer,Online,West-Charlie,100943.25,-93204.14,-1204.3263372661715,2023,4,April,2
1013,2023-10-21,David,East,5039.07,20,Electronics,1533.36,1649.7399999999998,Returning,0.1,Bank Transfer,Online,East-David,30667.199999999997,-25628.129999999997,-508.58848954271326,2023,10,October,4
1032,2023-06-08,Eve,West,219.82,49,Electronics,4812.41,5088.0,Returning,0.09,Credit Card,Online,West-Eve,235808.09,-235588.27,-107173.26448912747,2023,6,June,2
1071,2023-10-30,Alice,West,189.48,22,Electronics,2701.39,3185.81,New,0.01,Bank Transfer,Online,West-Alice,59430.579999999994,-59241.09999999999,-31265.09394131306,2023,10,October,4
1059,2023-08-16,Alice,West,3634.59,21,Clothing,3110.54,3192.99,New,0.17,Credit Card,Online,West-Alice,65321.34,-61686.75,-1697.2134408557774,2023,8,August,3
1086,2023-12-31,Alice,South,9269.32,33,Clothing,3419.33,3890.36,Returning,0.21,Cash,Retail,South-Alice,112837.89,-103568.57,-1117.3265137032708,2023,12,December,4
1028,2023-08-04,Alice,North,2363.9,38,Clothing,3350.32,3449.94,New,0.26,Cash,Online,North-Alice,127312.16,-124948.26000000001,-5285.682981513601,2023,8,August,3
1066,2023-07-03,Charlie,North,6380.2,15,Furniture,2579.31,2867.36,Returning,0.04,Bank Transfer,Retail,North-Charlie,38689.65,-32309.45,-506.40183693301157,2023,7,July,3
1042,2023-01-15,David,South,2298.55,46,Furniture,2172.38,2367.11,New,0.16,Cash,Retail,South-David,99929.48000000001,-97630.93000000001,-4247.500815731657,2023,1,January,1
1045,2023-06-06,Bob,South,3284.53,15,Electronics,316.22,799.04,New,0.0,Bank Transfer,Online,South-Bob,4743.3,-1458.77,-44.413355944381685,2023,6,June,2
1062,2023-05-16,Charlie,North,8495.62,46,Furniture,159.32,303.36,New,0.03,Cash,Retail,North-Charlie,7328.719999999999,1166.9000000000015,13.735313020120973,2023,5,May,2
1057,2023-09-18,Charlie,West,7315.73,25,Food,1821.91,2027.74,New,0.02,Bank Transfer,Retail,West-Charlie,45547.75,-38232.020000000004,-522.6002053110217,2023,9,September,3
1006,2023-06-06,Bob,East,1044.45,21,Electronics,1701.62,2193.22,New,0.22,Bank Transfer,Retail,East-Bob,35734.02,-34689.57,-3321.324141892862,2023,6,June,2
1028,2023-02-16,Bob,East,4344.15,24,Electronics,1969.09,2241.96,Returning,0.02,Credit Card,Online,East-Bob,47258.159999999996,-42914.009999999995,-987.8574634853768,2023,2,February,1
1028,2023-11-20,Alice,East,388.78,5,Food,734.92,991.21,Returning,0.21,Credit Card,Online,East-Alice,3674.6,-3285.8199999999997,-845.161788157827,2023,11,November,4
1044,2023-11-28,Charlie,West,4860.81,6,Electronics,3703.93,3840.24,New,0.07,Credit Card,Online,West-Charlie,22223.579999999998,-17362.769999999997,-357.19910879051014,2023,11,November,4
1084,2023-06-22,Eve,North,6658.1,49,Furniture,4291.97,4645.64,Returning,0.26,Credit Card,Online,North-Eve,210306.53,-203648.43,-3058.656824018864,2023,6,June,2
1030,2023-05-10,Bob,South,1273.18,43,Clothing,4696.64,4713.68,Returning,0.24,Bank Transfer,Online,South-Bob,201955.52000000002,-200682.34000000003,-15762.291270676576,2023,5,May,2
1062,2023-04-05,Bob,North,2959.96,48,Food,2487.19,2521.4500000000003,New,0.29,Cash,Online,North-Bob,119385.12,-116425.15999999999,-3933.335585616022,2023,4,April,2
1075,2023-04-25,David,West,4038.58,44,Furniture,3519.29,3822.98,Returning,0.27,Bank Transfer,Online,West-David,154848.76,-150810.18000000002,-3734.237776644267,2023,4,April,2
1092,2023-08-31,Eve,South,9203.36,47,Food,4284.98,4462.4,New,0.28,Credit Card,Retail,South-Eve,201394.05999999997,-192190.69999999995,-2088.2666765181407,2023,8,August,3
1089,2023-10-19,Eve,West,9933.22,23,Food,2120.54,2597.67,Returning,0.26,Credit Card,Retail,West-Eve,48772.42,-38839.2,-391.0031188275303,2023,10,October,4
1062,2023-10-09,Bob,East,544.62,4,Electronics,1581.59,2034.15,Returning,0.21,Cash,Online,East-Bob,6326.36,-5781.74,-1061.6099298593515,2023,10,October,4
1097,2023-10-26,Alice,East,7633.98,27,Electronics,4686.79,5046.51,Returning,0.05,Credit Card,Retail,East-Alice,126543.33,-118909.35,-1557.6324538445217,2023,10,October,4
1001,2023-10-10,David,West,3780.07,18,Furniture,2602.6,3013.49,Returning,0.08,Bank Transfer,Online,West-David,46846.799999999996,-43066.729999999996,-1139.3103831410529,2023,10,October,4
1027,2023-03-10,Eve,South,3985.34,21,Food,2511.41,2848.4,Returning,0.06,Bank Transfer,Online,South-Eve,52739.61,-48754.270000000004,-1223.3402921708062,2023,3,March,1
1062,2023-05-28,Bob,South,7567.22,28,Electronics,933.16,1004.7,Returning,0.18,Bank Transfer,Online,South-Bob,26128.48,-18561.26,-245.28505844947017,2023,5,May,2
1077,2023-01-11,Eve,North,9192.42,35,Electronics,585.37,970.49,Returning,0.15,Bank Transfer,Retail,North-Eve,20487.95,-11295.53,-122.87874139780386,2023,1,January,1
1003,2023-09-11,David,East,9514.19,22,Food,4218.43,4331.42,New,0.26,Bank Transfer,Online,East-David,92805.46,-83291.27,-875.4425757736602,2023,9,September,3
1070,2023-11-26,David,North,5813.51,40,Furniture,3089.96,3258.45,New,0.29,Cash,Online,North-David,123598.4,-117784.89,-2026.0546554491175,2023,11,November,4
1072,2023-12-26,Charlie,North,3635.5,23,Furniture,1662.83,2074.25,New,0.12,Bank Transfer,Online,North-Charlie,38245.09,-34609.59,-951.9898225828633,2023,12,December,4
1027,2023-02-07,Bob,West,7896.74,3,Food,999.09,1271.99,New,0.15,Credit Card,Online,West-Bob,2997.27,4899.469999999999,62.044210648951335,2023,2,February,1
1009,2023-05-14,David,West,2584.91,40,Furniture,2799.71,3231.08,Returning,0.29,Credit Card,Retail,West-David,111988.4,-109403.48999999999,-4232.390682847758,2023,5,May,2
1062,2023-07-19,Charlie,North,5684.33,10,Electronics,2940.4,3054.79,Returning,0.08,Credit Card,Online,North-Charlie,29404.0,-23719.67,-417.2817200971794,2023,7,July,3
1037,2023-01-23,Charlie,East,3649.93,25,Food,1074.62,1382.4299999999998,Returning,0.24,Credit Card,Retail,East-Charlie,26865.499999999996,-23215.569999999996,-636.0552120177647,2023,1,January,1
1097,2023-10-30,Eve,West,6600.65,49,Electronics,4264.46,4315.52,New,0.07,Cash,Retail,West-Eve,208958.54,-202357.89,-3065.726708733231,2023,10,October,4
1051,2023-12-12,Eve,North,2479.95,8,Clothing,467.11,792.21,New,0.2,Credit Card,Online,North-Eve,3736.88,-1256.9300000000003,-50.68368313877297,2023,12,December,4
1044,2023-10-29,Charlie,North,1996.77,11,Clothing,1812.66,2196.3,New,0.08,Cash,Online,North-Charlie,19939.260000000002,-17942.49,-898.5756997551047,2023,10,October,4
1024,2023-12-29,Eve,North,9190.57,5,Furniture,3417.9,3714.52,Returning,0.27,Credit Card,Retail,North-Eve,17089.5,-7898.93,-85.94602946280808,2023,12,December,4
1079,2023-08-06,David,North,1107.86,45,Clothing,1406.9,1547.35,New,0.17,Cash,Retail,North-David,63310.50000000001,-62202.64000000001,-5614.666113046776,2023,8,August,3
1059,2023-05-21,Alice,North,5108.98,37,Electronics,4146.99,4172.349999999999,Returning,0.06,Cash,Retail,North-Alice,153438.63,-148329.65,-2903.3124028671086,2023,5,May,2
1032,2023-04-14,David,North,2286.44,45,Clothing,3712.35,3780.88,New,0.07,Cash,Retail,North-David,167055.75,-164769.31,-7206.369290250344,2023,4,April,2
1096,2023-07-29,Charlie,West,485.41,38,Electronics,3955.66,4270.59,Returning,0.15,Credit Card,Online,West-Charlie,150315.08,-149829.66999999998,-30866.622030860504,2023,7,July,3
1088,2023-04-21,Charlie,East,456.59,29,Furniture,639.58,1107.45,New,0.29,Cash,Retail,East-Charlie,18547.82,-18091.23,-3962.248406666813,2023,4,April,2
1052,2023-04-14,David,North,1834.7,5,Furniture,745.71,856.9100000000001,Returning,0.23,Bank Transfer,Retail,North-David,3728.55,-1893.8500000000001,-103.22396032048837,2023,4,April,2
1062,2023-11-12,Eve,South,8681.03,9,Electronics,1468.05,1838.21,New,0.15,Bank Transfer,Retail,South-Eve,13212.449999999999,-4531.419999999998,-52.19910540569492,2023,11,November,4
1058,2023-06-20,Eve,West,2896.54,48,Clothing,2614.48,3049.04,New,0.1,Credit Card,Retail,West-Eve,125495.04000000001,-122598.50000000001,-4232.584393793975,2023,6,June,2
1052,2023-12-22,Charlie,West,9509.55,2,Furniture,3752.68,4017.91,Returning,0.16,Bank Transfer,Online,West-Charlie,7505.36,2004.1899999999996,21.075550367788168,2023,12,December,4
1012,2023-11-20,Bob,North,5858.06,1,Food,4190.83,4528.77,Returning,0.22,Bank Transfer,Online,North-Bob,4190.83,1667.2300000000005,28.460445949683006,2023,11,November,4
1039,2023-05-13,Eve,West,4422.48,40,Furniture,3536.46,3945.82,New,0.24,Bank Transfer,Online,West-Eve,141458.4,-137035.91999999998,-3098.621587887339,2023,5,May,2
1002,2023-10-20,David,North,5842.88,30,Clothing,4646.55,4784.28,Returning,0.1,Credit Card,Retail,North-David,139396.5,-133553.62,-2285.7498356974643,2023,10,October,4
1003,2023-11-24,Eve,East,5215.31,11,Food,3706.78,3862.26,New,0.22,Credit Card,Retail,East-Eve,40774.58,-35559.270000000004,-681.8246662231008,2023,11,November,4
1056,2023-05-07,David,East,7611.88,28,Clothing,1566.03,1576.34,Returning,0.2,Bank Transfer,Online,East-David,43848.84,-36236.96,-476.0579515178905,2023,5,May,2
1081,2023-04-16,Charlie,West,2896.71,44,Electronics,1362.15,1844.07,New,0.29,Credit Card,Online,West-Charlie,59934.600000000006,-57037.89000000001,-1969.0576550638486,2023,4,April,2
1059,2023-04-02,Eve,West,3595.2,12,Food,3496.15,3955.75,Returning,0.28,Cash,Retail,West-Eve,41953.8,-38358.600000000006,-1066.9392523364488,2023,4,April,2
1002,2023-10-14,David,South,8951.53,39,Clothing,1004.71,1389.35,New,0.24,Bank Transfer,Online,South-David,39183.69,-30232.160000000003,-337.73176205631887,2023,10,October,4
1002,2023-02-20,Charlie,West,9469.92,26,Food,508.94,557.69,New,0.22,Credit Card,Retail,West-Charlie,13232.44,-3762.5200000000004,-39.73127544900063,2023,2,February,1
1092,2023-01-29,Bob,South,8936.33,13,Clothing,2684.5,2913.78,New,0.08,Credit Card,Retail,South-Bob,34898.5,-25962.17,-290.52385039496073,2023,1,January,1
1054,2023-10-23,David,East,4252.54,8,Food,4117.13,4177.06,Returning,0.25,Bank Transfer,Retail,East-David,32937.04,-28684.5,-674.5262831155028,2023,10,October,4
1087,2023-10-24,Bob,East,7825.62,28,Clothing,551.83,569.63,New,0.13,Credit Card,Retail,East-Bob,15451.240000000002,-7625.620000000002,-97.44429195386438,2023,10,October,4
1096,2023-08-02,Bob,North,4815.72,30,Electronics,3969.86,4281.79,Returning,0.08,Bank Transfer,Retail,North-Bob,119095.8,-114280.08,-2373.063217961177,2023,8,August,3
1097,2023-09-24,Alice,East,5025.64,9,Food,4067.28,4548.09,Returning,0.12,Credit Card,Retail,East-Alice,36605.520000000004,-31579.880000000005,-628.3752915051616,2023,9,September,3
1001,2023-09-14,Eve,South,2126.33,39,Food,2437.26,2889.67,Returning,0.25,Cash,Online,South-Eve,95053.14000000001,-92926.81000000001,-4370.291064886448,2023,9,September,3
1019,2023-10-29,David,West,5952.19,31,Food,333.69,685.1,New,0.04,Bank Transfer,Online,West-David,10344.39,-4392.2,-73.79132722577741,2023,10,October,4
1002,2023-04-11,Bob,North,1942.75,21,Food,914.22,971.57,Returning,0.14,Cash,Online,North-Bob,19198.62,-17255.87,-888.2187620640843,2023,4,April,2
1053,2023-12-12,Alice,South,3382.49,47,Electronics,3551.76,3696.1,Returning,0.15,Bank Transfer,Retail,South-Alice,166932.72,-163550.23,-4835.202173546708,2023,12,December,4
1044,2023-04-20,Charlie,West,8564.8,34,Food,3573.3,3740.13,Returning,0.01,Credit Card,Online,West-Charlie,121492.20000000001,-112927.40000000001,-1318.5059779562864,2023,4,April,2
1090,2023-07-01,David,North,2150.05,31,Furniture,4496.86,4880.799999999999,New,0.06,Cash,Retail,North-David,139402.66,-137252.61000000002,-6383.693867584475,2023,7,July,3
1032,2023-11-09,Bob,East,804.47,25,Electronics,2934.3,3337.4,Returning,0.25,Credit Card,Retail,East-Bob,73357.5,-72553.03,-9018.736559473939,2023,11,November,4
1070,2023-01-01,Eve,South,783.18,12,Furniture,664.33,863.03,Returning,0.25,Bank Transfer,Retail,South-Eve,7971.960000000001,-7188.780000000001,-917.8962690569219,2023,1,January,1
1032,2023-11-15,Alice,West,9413.77,1,Food,651.0,865.76,Returning,0.09,Bank Transfer,Retail,West-Alice,651.0,8762.77,93.08459841275068,2023,11,November,4
1068,2023-02-24,Bob,North,5118.51,22,Clothing,3619.61,3651.42,Returning,0.26,Bank Transfer,Online,North-Bob,79631.42,-74512.91,-1455.7539205745422,2023,2,February,1
1055,2023-05-29,Eve,North,4153.18,40,Furniture,959.73,1111.41,New,0.23,Bank Transfer,Online,North-Eve,38389.2,-34236.02,-824.3326800186843,2023,5,May,2
1075,2023-11-05,Bob,East,8127.7,37,Food,1675.51,1906.64,New,0.13,Bank Transfer,Online,East-Bob,61993.87,-53866.170000000006,-662.7480098920975,2023,11,November,4
1056,2023-05-17,David,West,8374.68,47,Furniture,2461.7,2529.02,Returning,0.22,Cash,Retail,West-David,115699.9,-107325.22,-1281.5441306414095,2023,5,May,2
1017,2023-07-21,David,East,3388.69,1,Food,172.59,404.69,Returning,0.29,Bank Transfer,Online,East-David,172.59,3216.1,94.90688142025384,2023,7,July,3
1038,2023-11-09,David,East,6966.82,1,Food,1281.65,1709.71,Returning,0.14,Credit Card,Online,East-David,1281.65,5685.17,81.60351494656098,2023,11,November,4
1024,2023-04-27,Alice,West,7734.12,42,Food,2069.05,2363.9,Returning,0.07,Cash,Online,West-Alice,86900.1,-79165.98000000001,-1023.593893035019,2023,4,April,2
1069,2023-06-03,David,West,6581.04,42,Clothing,1434.2,1482.88,New,0.28,Credit Card,Retail,West-David,60236.4,-53655.36,-815.3021406950877,2023,6,June,2
1098,2023-10-18,Eve,West,1600.79,21,Furniture,725.03,828.9499999999999,New,0.18,Bank Transfer,Online,West-Eve,15225.63,-13624.84,-851.1322534498591,2023,10,October,4
1070,2023-03-04,Bob,South,8771.24,15,Electronics,3653.66,3896.19,New,0.03,Credit Card,Retail,South-Bob,54804.899999999994,-46033.659999999996,-524.8249962377041,2023,3,March,1
1086,2023-09-01,Charlie,West,5437.04,17,Electronics,4075.08,4262.21,New,0.17,Cash,Online,West-Charlie,69276.36,-63839.32,-1174.1557906507953,2023,9,September,3
1011,2023-01-25,Eve,North,2896.48,22,Electronics,1324.52,1510.3,Returning,0.15,Cash,Retail,North-Eve,29139.44,-26242.96,-906.0293873943544,2023,1,January,1
1016,2023-03-31,Eve,East,4309.76,38,Electronics,3883.38,4152.72,Returning,0.26,Cash,Online,East-Eve,147568.44,-143258.68,-3324.052383427383,2023,3,March,1
1097,2023-03-16,David,South,471.95,35,Food,1958.49,2254.84,New,0.16,Credit Card,Online,South-David,68547.15,-68075.2,-14424.23985591694,2023,3,March,1
1073,2023-10-21,Alice,West,1365.88,45,Furniture,2558.09,2958.55,New,0.08,Cash,Online,West-Alice,115114.05,-113748.17,-8327.83040969924,2023,10,October,4
1059,2023-07-29,Bob,South,7678.91,16,Furniture,4287.21,4464.28,Returning,0.2,Credit Card,Retail,South-Bob,68595.36,-60916.45,-793.2955328295292,2023,7,July,3
1070,2023-12-13,Alice,West,100.12,8,Clothing,3762.27,4166.95,Returning,0.16,Bank Transfer,Online,West-Alice,30098.16,-29998.04,-29962.085497403114,2023,12,December,4
1080,2023-01-17,Bob,South,4224.0,47,Furniture,4035.33,4211.25,Returning,0.07,Bank Transfer,Online,South-Bob,189660.51,-185436.51,-4390.068892045455,2023,1,January,1
1093,2023-05-08,Bob,East,5272.85,17,Furniture,727.38,764.54,Returning,0.17,Credit Card,Retail,East-Bob,12365.46,-7092.609999999999,-134.5118863612657,2023,5,May,2
1003,2023-12-30,Alice,East,640.88,17,Furniture,395.11,676.6600000000001,Returning,0.25,Cash,Retail,East-Alice,6716.87,-6075.99,-948.0698414679814,2023,12,December,4
1020,2023-09-08,Eve,North,9733.47,26,Clothing,4472.35,4770.42,New,0.01,Credit Card,Retail,North-Eve,116281.1,-106547.63,-1094.6520613922887,2023,9,September,3
1059,2023-06-28,Bob,North,2338.64,13,Electronics,1969.78,2437.7,New,0.19,Credit Card,Retail,North-Bob,25607.14,-23268.5,-994.958608421989,2023,6,June,2
1036,2023-07-01,Alice,West,3111.57,17,Furniture,1475.0,1840.77,Returning,0.1,Credit Card,Online,West-Alice,25075.0,-21963.43,-705.8632780236343,2023,7,July,3
1019,2023-06-01,Bob,East,3109.03,38,Clothing,3637.25,4096.96,Returning,0.09,Bank Transfer,Online,East-Bob,138215.5,-135106.47,-4345.614870232837,2023,6,June,2
1090,2023-01-25,Charlie,South,2381.12,17,Clothing,4190.26,4645.35,New,0.12,Credit Card,Retail,South-Charlie,71234.42,-68853.3,-2891.635028893966,2023,1,January,1
1067,2023-06-29,Eve,South,114.59,48,Food,4319.32,4625.56,Returning,0.1,Bank Transfer,Online,South-Eve,207327.36,-207212.77,-180829.71463478488,2023,6,June,2
1019,2023-07-17,David,South,7320.51,14,Clothing,1614.19,1882.79,New,0.25,Credit Card,Retail,South-David,22598.66,-15278.15,-208.7033553673173,2023,7,July,3
1020,2023-12-10,Bob,North,9671.77,45,Electronics,4268.45,4551.599999999999,New,0.08,Bank Transfer,Online,North-Bob,192080.25,-182408.48,-1885.9886039473643,2023,12,December,4
1096,2023-06-10,Charlie,South,2320.51,6,Furniture,252.62,742.0,New,0.22,Credit Card,Retail,South-Charlie,1515.72,804.7900000000002,34.681600165480866,2023,6,June,2
1071,2023-06-26,David,North,6664.17,35,Clothing,295.82,684.6700000000001,New,0.03,Credit Card,Online,North-David,10353.699999999999,-3689.529999999999,-55.36368369954546,2023,6,June,2
1052,2023-10-12,David,North,7444.77,46,Electronics,3136.42,3198.49,Returning,0.29,Cash,Retail,North-David,144275.32,-136830.55000000002,-1837.9419377630204,2023,10,October,4
1033,2023-03-04,Bob,West,8499.41,14,Clothing,362.38,753.81,Returning,0.19,Cash,Retail,West-Bob,5073.32,3426.09,40.30973914659959,2023,3,March,1
1040,2023-05-30,Alice,South,4284.03,47,Clothing,1656.82,1750.38,New,0.21,Credit Card,Online,South-Alice,77870.54,-73586.51,-1717.6936202594288,2023,5,May,2
1039,2023-06-03,Bob,South,3099.02,8,Clothing,3380.14,3609.34,Returning,0.09,Credit Card,Online,South-Bob,27041.12,-23942.1,-772.5700382701627,2023,6,June,2
1082,2023-06-05,Charlie,East,3320.42,15,Clothing,1719.47,1832.6,Returning,0.12,Credit Card,Online,East-Charlie,25792.05,-22471.629999999997,-676.770709729492,2023,6,June,2
1001,2023-02-18,David,West,7154.95,27,Clothing,939.02,1286.92,Returning,0.07,Credit Card,Retail,West-David,25353.54,-18198.59,-254.34964604923866,2023,2,February,1
1011,2023-12-03,Bob,East,8186.12,13,Electronics,1442.69,1882.57,Returning,0.28,Cash,Online,East-Bob,18754.97,-10568.850000000002,-129.1069517671376,2023,12,December,4
1092,2023-03-25,Alice,West,1897.98,49,Furniture,2315.0,2467.28,New,0.15,Bank Transfer,Retail,West-Alice,113435.0,-111537.02,-5876.617245703327,2023,3,March,1
1057,2023-12-27,Bob,South,3772.32,31,Furniture,2403.16,2453.35,Returning,0.19,Credit Card,Online,South-Bob,74497.95999999999,-70725.63999999998,-1874.8579123722266,2023,12,December,4
1089,2023-06-26,Eve,North,9029.21,35,Furniture,3925.85,4082.11,New,0.22,Cash,Online,North-Eve,137404.75,-128375.54000000001,-1421.78042154297,2023,6,June,2
1050,2023-05-28,Alice,North,8086.27,6,Furniture,3763.26,4102.72,New,0.11,Credit Card,Retail,North-Alice,22579.56,-14493.29,-179.23331771014324,2023,5,May,2
1023,2023-04-28,Charlie,North,9850.1,5,Electronics,2311.25,2482.34,Returning,0.22,Credit Card,Retail,North-Charlie,11556.25,-1706.1499999999996,-17.321143947777177,2023,4,April,2
1031,2023-12-08,David,North,7567.06,22,Food,4236.05,4382.320000000001,New,0.2,Bank Transfer,Online,North-David,93193.1,-85626.04000000001,-1131.5628526799048,2023,12,December,4
1094,2023-03-04,Bob,North,3992.63,49,Food,615.47,715.84,Returning,0.21,Credit Card,Retail,North-Bob,30158.030000000002,-26165.4,-655.342468498208,2023,3,March,1
1042,2023-07-08,Alice,East,5947.31,23,Electronics,1314.0,1567.78,Returning,0.15,Credit Card,Retail,East-Alice,30222.0,-24274.69,-408.1625138087639,2023,7,July,3
1099,2023-12-26,Eve,West,6644.04,25,Electronics,4148.48,4293.69,New,0.11,Bank Transfer,Online,West-Eve,103711.99999999999,-97067.95999999999,-1460.9779591935028,2023,12,December,4
1007,2023-02-18,Alice,South,876.71,34,Clothing,1921.07,2289.27,Returning,0.07,Bank Transfer,Retail,South-Alice,65316.38,-64439.67,-7350.169383262424,2023,2,February,1
1016,2023-11-23,Eve,East,5490.52,26,Clothing,4906.85,4954.39,New,0.25,Bank Transfer,Online,East-Eve,127578.1,-122087.58,-2223.606871480297,2023,11,November,4
1090,2023-09-14,Charlie,West,7122.28,47,Clothing,2357.95,2693.33,New,0.18,Bank Transfer,Online,West-Charlie,110823.65,-103701.37,-1456.0136641637228,2023,9,September,3
1060,2023-08-12,David,North,1756.48,5,Furniture,3970.08,4096.48,Returning,0.13,Cash,Retail,North-David,19850.4,-18093.920000000002,-1030.1238841319002,2023,8,August,3
1002,2023-05-21,Charlie,West,7828.25,26,Clothing,2041.42,2291.17,Returning,0.28,Cash,Online,West-Charlie,53076.92,-45248.67,-578.0176923322581,2023,5,May,2
1001,2023-08-03,Bob,West,5879.35,20,Food,2153.52,2303.7,Returning,0.01,Cash,Retail,West-Bob,43070.4,-37191.05,-632.5707773818534,2023,8,August,3
1048,2023-07-30,Alice,North,9527.0,6,Furniture,1945.27,2309.43,New,0.26,Credit Card,Online,North-Alice,11671.619999999999,-2144.619999999999,-22.510968825443467,2023,7,July,3
1012,2023-11-14,Eve,North,519.98,6,Clothing,3609.42,4082.62,Returning,0.3,Bank Transfer,Retail,North-Eve,21656.52,-21136.54,-4064.87557213739,2023,11,November,4
1069,2023-02-01,Eve,North,2726.73,18,Furniture,2760.21,3219.58,New,0.27,Bank Transfer,Retail,North-Eve,49683.78,-46957.049999999996,-1722.1011981384295,2023,2,February,1
1037,2023-06-07,Alice,South,6055.38,4,Food,4721.7,5017.58,New,0.24,Cash,Retail,South-Alice,18886.8,-12831.419999999998,-211.90115236368317,2023,6,June,2
1032,2023-10-12,Alice,North,3035.94,17,Clothing,1291.91,1528.59,Returning,0.11,Credit Card,Retail,North-Alice,21962.47,-18926.530000000002,-623.4158119066913,2023,10,October,4
1009,2023-11-01,Bob,South,7172.8,14,Food,547.79,958.76,Returning,0.07,Credit Card,Retail,South-Bob,7669.0599999999995,-496.2599999999993,-6.918637073388346,2023,11,November,4
1099,2023-10-13,Charlie,North,7614.15,14,Food,1996.64,2341.4700000000003,Returning,0.22,Credit Card,Online,North-Charlie,27952.960000000003,-20338.810000000005,-267.1185884176173,2023,10,October,4
1019,2023-05-24,Eve,South,1114.91,13,Food,3102.73,3202.68,New,0.09,Cash,Online,South-Eve,40335.49,-39220.579999999994,-3517.824757155285,2023,5,May,2
1048,2023-01-19,Bob,West,5187.16,7,Clothing,4310.95,4723.2,Returning,0.05,Credit Card,Retail,West-Bob,30176.649999999998,-24989.489999999998,-481.75668381156544,2023,1,January,1
1080,2023-01-18,Charlie,East,5138.02,44,Electronics,1763.67,1983.82,New,0.24,Credit Card,Online,East-Charlie,77601.48000000001,-72463.46,-1410.338223673711,2023,1,January,1
1003,2023-09-14,Bob,West,3755.88,15,Clothing,3286.24,3388.84,Returning,0.09,Credit Card,Retail,West-Bob,49293.6,-45537.72,-1212.438097063804,2023,9,September,3
1020,2023-03-19,Eve,West,9335.96,19,Food,1783.48,1931.56,Returning,0.27,Bank Transfer,Retail,West-Eve,33886.12,-24550.160000000003,-262.9634231509133,2023,3,March,1
1024,2023-06-24,Alice,North,8292.31,43,Clothing,3105.24,3246.33,New,0.25,Cash,Online,North-Alice,133525.31999999998,-125233.00999999998,-1510.2306836092716,2023,6,June,2
1054,2023-07-13,Alice,South,7002.37,47,Food,4429.8,4694.21,New,0.25,Bank Transfer,Online,South-Alice,208200.6,-201198.23,-2873.2876154787596,2023,7,July,3
1033,2023-04-23,Charlie,East,7171.83,44,Electronics,1195.22,1320.06,Returning,0.23,Bank Transfer,Retail,East-Charlie,52589.68,-45417.85,-633.281184857979,2023,4,April,2
1024,2023-04-24,David,North,4670.99,35,Furniture,2051.0,2121.55,Returning,0.26,Cash,Retail,North-David,71785.0,-67114.01,-1436.8262402617004,2023,4,April,2
1075,2023-08-10,Charlie,North,9217.85,17,Electronics,4966.66,5037.27,Returning,0.24,Bank Transfer,Retail,North-Charlie,84433.22,-75215.37,-815.9752002907402,2023,8,August,3
1072,2023-06-15,David,North,6976.49,35,Electronics,4349.36,4645.17,Returning,0.18,Credit Card,Retail,North-David,152227.59999999998,-145251.11,-2082.0084311738424,2023,6,June,2
1036,2023-11-15,Bob,West,7316.91,19,Furniture,2844.97,3215.0,Returning,0.09,Credit Card,Retail,West-Bob,54054.42999999999,-46737.51999999999,-638.7603510224943,2023,11,November,4
1038,2023-05-12,Bob,South,8630.74,20,Clothing,2607.31,2774.86,New,0.27,Credit Card,Retail,South-Bob,52146.2,-43515.46,-504.1915293474256,2023,5,May,2
1084,2023-09-21,Eve,South,2813.31,36,Furniture,1458.77,1485.75,New,0.25,Credit Card,Online,South-Eve,52515.72,-49702.41,-1766.687993857769,2023,9,September,3
1099,2023-02-24,David,East,8090.0,35,Clothing,2610.19,2682.53,New,0.14,Cash,Retail,East-David,91356.65000000001,-83266.65000000001,-1029.2540173053153,2023,2,February,1
1089,2023-12-25,Eve,South,2032.88,32,Clothing,4248.5,4706.7,New,0.01,Bank Transfer,Retail,South-Eve,135952.0,-133919.12,-6587.654952579591,2023,12,December,4
1099,2023-05-11,Alice,South,3518.89,48,Food,3441.61,3693.45,Returning,0.19,Bank Transfer,Online,South-Alice,165197.28,-161678.38999999998,-4594.5849401373725,2023,5,May,2
1025,2023-10-15,David,North,3422.54,44,Food,1485.72,1717.97,New,0.02,Credit Card,Retail,North-David,65371.68,-61949.14,-1810.0340682650894,2023,10,October,4
1093,2023-09-23,Charlie,North,9787.4,40,Furniture,1047.25,1075.89,New,0.28,Credit Card,Retail,North-Charlie,41890.0,-32102.6,-327.9992643603,2023,9,September,3
1018,2024-01-01,Alice,West,8579.72,24,Electronics,1362.78,1729.81,New,0.29,Bank Transfer,Online,West-Alice,32706.72,-24127.0,-281.20964320513957,2024,1,January,1
1082,2023-06-11,Alice,North,7041.58,17,Furniture,890.31,1159.06,Returning,0.06,Cash,Retail,North-Alice,15135.269999999999,-8093.689999999999,-114.94139099463472,2023,6,June,2
1066,2023-03-28,Charlie,North,7297.86,7,Clothing,523.42,632.4399999999999,New,0.2,Bank Transfer,Online,North-Charlie,3663.9399999999996,3633.92,49.794323267368796,2023,3,March,1
1054,2023-02-24,Alice,North,5664.52,43,Food,2124.72,2188.66,Returning,0.03,Credit Card,Retail,North-Alice,91362.95999999999,-85698.43999999999,-1512.8985333267424,2023,2,February,1
1035,2023-10-15,David,North,9476.2,1,Furniture,610.83,808.69,New,0.22,Credit Card,Online,North-David,610.83,8865.37,93.55406175471181,2023,10,October,4
1080,2023-06-27,Eve,West,5012.96,35,Furniture,900.97,1321.18,Returning,0.1,Cash,Online,West-Eve,31533.95,-26520.99,-529.0485062717437,2023,6,June,2
1061,2023-12-15,Alice,North,3867.13,32,Food,2759.26,3193.25,New,0.2,Bank Transfer,Online,North-Alice,88296.32,-84429.19,-2183.2519206750226,2023,12,December,4
1041,2023-01-08,David,East,1714.05,36,Food,864.77,1170.16,Returning,0.11,Cash,Retail,East-David,31131.72,-29417.670000000002,-1716.2667366762932,2023,1,January,1
1100,2023-11-17,Bob,East,7883.44,13,Food,366.2,732.69,New,0.04,Cash,Retail,East-Bob,4760.599999999999,3122.84,39.61265640380342,2023,11,November,4
1033,2023-11-09,David,East,7370.99,6,Clothing,1621.07,1687.5,Returning,0.12,Credit Card,Online,East-David,9726.42,-2355.4300000000003,-31.955408974913823,2023,11,November,4
1068,2023-09-04,Eve,East,3905.11,14,Food,1140.58,1438.76,Returning,0.03,Bank Transfer,Online,East-Eve,15968.119999999999,-12063.009999999998,-308.90320631173,2023,9,September,3
1033,2023-11-19,David,North,349.41,37,Electronics,2600.76,2937.57,New,0.17,Credit Card,Retail,North-David,96228.12000000001,-95878.71,-27440.173435219367,2023,11,November,4
1014,2023-09-12,Charlie,East,8406.07,48,Furniture,556.72,665.07,Returning,0.01,Bank Transfer,Retail,East-Charlie,26722.56,-18316.49,-217.8959965834213,2023,9,September,3
1021,2023-11-24,Eve,North,213.04,15,Food,3771.27,4212.55,Returning,0.16,Credit Card,Retail,North-Eve,56569.05,-56356.01,-26453.2529102516,2023,11,November,4
1048,2023-02-23,Bob,West,7066.63,47,Food,4535.86,4641.41,New,0.27,Credit Card,Retail,West-Bob,213185.41999999998,-206118.78999999998,-2916.7904644788246,2023,2,February,1
1020,2023-09-06,Charlie,East,9705.55,4,Clothing,3730.0,3893.6,New,0.25,Bank Transfer,Retail,East-Charlie,14920.0,-5214.450000000001,-53.726476088423645,2023,9,September,3
1008,2023-08-27,David,South,4432.85,40,Clothing,2687.49,3001.56,Returning,0.26,Bank Transfer,Online,South-David,107499.59999999999,-103066.74999999999,-2325.067394565572,2023,8,August,3
1007,2023-08-17,Eve,East,2426.24,16,Furniture,4310.31,4633.1,New,0.28,Credit Card,Retail,East-Eve,68964.96,-66538.72,-2742.462410973358,2023,8,August,3
1067,2023-03-08,Bob,East,7078.22,28,Electronics,3489.85,3842.55,New,0.03,Bank Transfer,Online,East-Bob,97715.8,-90637.58,-1280.513744981083,2023,3,March,1
1017,2023-02-20,Charlie,North,8189.57,16,Furniture,102.23,167.12,New,0.04,Credit Card,Retail,North-Charlie,1635.68,6553.889999999999,80.0272785994869,2023,2,February,1
1033,2023-04-07,Bob,East,5509.66,4,Food,2000.75,2426.99,Returning,0.17,Bank Transfer,Online,East-Bob,8003.0,-2493.34,-45.25397211443175,2023,4,April,2
1048,2023-04-02,David,South,9673.65,45,Electronics,4262.21,4533.31,Returning,0.27,Credit Card,Online,South-David,191799.45,-182125.80000000002,-1882.6999116155744,2023,4,April,2
1076,2023-09-21,Bob,North,611.52,26,Electronics,1762.0,2002.95,Returning,0.29,Credit Card,Retail,North-Bob,45812.0,-45200.48,-7391.496598639456,2023,9,September,3
1059,2023-10-18,Alice,North,5097.48,28,Electronics,224.32,715.06,Returning,0.01,Credit Card,Online,North-Alice,6280.96,-1183.4800000000005,-23.21696210676649,2023,10,October,4
1086,2023-04-06,Charlie,West,7212.69,32,Electronics,3743.59,4116.38,Returning,0.11,Cash,Online,West-Charlie,119794.88,-112582.19,-1560.890458344945,2023,4,April,2
1022,2023-03-29,Bob,West,8640.14,45,Furniture,4020.09,4087.91,Returning,0.06,Bank Transfer,Online,West-Bob,180904.05000000002,-172263.91000000003,-1993.7629482855605,2023,3,March,1
1030,2023-03-19,David,East,1874.63,2,Clothing,844.94,1225.64,Returning,0.23,Credit Card,Online,East-David,1689.88,184.75,9.855278108213355,2023,3,March,1
1038,2023-10-15,David,West,8020.03,31,Clothing,2709.84,2766.51,New,0.19,Cash,Retail,West-David,84005.04000000001,-75985.01000000001,-947.4404709209318,2023,10,October,4
1051,2023-04-30,Bob,West,5571.8,3,Food,1000.18,1023.64,Returning,0.04,Credit Card,Online,West-Bob,3000.54,2571.26,46.147743996554084,2023,4,April,2
1054,2023-10-29,David,West,4025.88,8,Clothing,3610.21,3817.99,Returning,0.15,Cash,Retail,West-David,28881.68,-24855.8,-617.4004192872118,2023,10,October,4
1008,2023-06-14,Eve,North,1403.98,24,Clothing,1394.17,1891.02,New,0.21,Credit Card,Online,North-Eve,33460.08,-32056.100000000002,-2283.230530349435,2023,6,June,2
1027,2023-07-01,Eve,North,8666.43,15,Clothing,1615.26,1710.95,New,0.23,Credit Card,Retail,North-Eve,24228.9,-15562.470000000001,-179.5718652317044,2023,7,July,3
1027,2023-08-11,Eve,North,1657.0,43,Clothing,4232.61,4572.21,New,0.01,Cash,Retail,North-Eve,182002.22999999998,-180345.22999999998,-10883.840072420035,2023,8,August,3
1098,2023-11-07,Alice,West,3166.9,31,Food,2407.8,2502.76,Returning,0.27,Cash,Retail,West-Alice,74641.8,-71474.90000000001,-2256.935804730178,2023,11,November,4
1021,2023-01-07,Bob,North,2971.45,9,Furniture,3365.28,3730.43,New,0.17,Bank Transfer,Online,North-Bob,30287.52,-27316.07,-919.2841878544145,2023,1,January,1
1030,2023-11-26,Alice,West,8727.0,39,Electronics,2041.75,2299.37,Returning,0.24,Bank Transfer,Retail,West-Alice,79628.25,-70901.25,-812.4355448607769,2023,11,November,4
1097,2023-09-20,David,North,6759.76,45,Clothing,1525.13,1868.32,Returning,0.24,Cash,Retail,North-David,68630.85,-61871.090000000004,-915.2853059871948,2023,9,September,3
1028,2023-06-10,Alice,North,7987.15,2,Furniture,3146.12,3255.53,Returning,0.06,Bank Transfer,Online,North-Alice,6292.24,1694.9099999999999,21.220460364460415,2023,6,June,2
1064,2023-05-31,David,South,2579.63,8,Clothing,816.54,1191.9,New,0.03,Cash,Retail,South-David,6532.32,-3952.6899999999996,-153.2270131763082,2023,5,May,2
1097,2023-03-26,David,East,6286.25,7,Clothing,1896.35,2394.2,New,0.22,Bank Transfer,Online,East-David,13274.449999999999,-6988.199999999999,-111.16643467886259,2023,3,March,1
1069,2023-05-27,Charlie,West,5760.29,44,Electronics,1084.73,1420.9,Returning,0.05,Credit Card,Online,West-Charlie,47728.12,-41967.83,-728.571478172106,2023,5,May,2
1061,2023-04-22,Eve,South,8345.02,39,Electronics,3494.19,3746.0,Returning,0.25,Bank Transfer,Retail,South-Eve,136273.41,-127928.39,-1532.990813682891,2023,4,April,2
1048,2023-02-05,David,North,9070.26,42,Electronics,4723.83,5186.19,Returning,0.22,Credit Card,Online,North-David,198400.86,-189330.59999999998,-2087.3778700941316,2023,2,February,1
1019,2023-10-12,Charlie,West,220.35,16,Clothing,4977.78,4995.55,New,0.25,Credit Card,Online,West-Charlie,79644.48,-79424.12999999999,-36044.5336963921,2023,10,October,4
1004,2023-07-07,Eve,North,6772.8,35,Clothing,2278.87,2646.53,Returning,0.09,Bank Transfer,Online,North-Eve,79760.45,-72987.65,-1077.6584278289627,2023,7,July,3
1035,2023-03-23,David,East,613.17,30,Clothing,1300.03,1745.52,New,0.09,Cash,Retail,East-David,39000.9,-38387.73,-6260.536229756838,2023,3,March,1
1064,2023-01-02,David,South,5533.7,10,Electronics,2242.01,2282.23,Returning,0.2,Credit Card,Online,South-David,22420.100000000002,-16886.4,-305.1556824547771,2023,1,January,1
1049,2023-10-30,Alice,East,2947.56,38,Food,4243.98,4474.509999999999,New,0.01,Credit Card,Online,East-Alice,161271.24,-158323.68,-5371.347148149656,2023,10,October,4
1017,2023-07-16,Alice,South,3137.09,18,Furniture,1069.73,1180.04,Returning,0.22,Bank Transfer,Online,South-Alice,19255.14,-16118.05,-513.7898498289816,2023,7,July,3
1044,2023-01-11,Eve,North,3594.29,5,Food,4762.87,5050.46,New,0.25,Cash,Retail,North-Eve,23814.35,-20220.059999999998,-562.5606169785965,2023,1,January,1
1092,2023-08-22,David,East,6250.8,29,Clothing,1742.24,2070.52,New,0.12,Cash,Online,East-David,50524.96,-44274.159999999996,-708.2958981250399,2023,8,August,3
1030,2023-07-14,Bob,East,3407.09,39,Clothing,4929.73,5088.02,New,0.23,Bank Transfer,Retail,East-Bob,192259.46999999997,-188852.37999999998,-5542.92313968812,2023,7,July,3
1093,2023-04-29,Alice,North,7353.72,34,Food,4201.11,4436.5,New,0.05,Cash,Online,North-Alice,142837.74,-135484.02,-1842.387526313213,2023,4,April,2
1046,2023-01-20,Eve,East,4104.82,43,Clothing,4052.42,4199.3,New,0.1,Bank Transfer,Retail,East-Eve,174254.06,-170149.24,-4145.108433500129,2023,1,January,1
1006,2023-09-18,David,West,776.7,45,Furniture,1623.63,1814.63,New,0.29,Bank Transfer,Retail,West-David,73063.35,-72286.65000000001,-9306.894553881808,2023,9,September,3
1099,2023-10-20,David,South,7859.22,23,Clothing,93.45,181.62,Returning,0.3,Bank Transfer,Retail,South-David,2149.35,5709.870000000001,72.65186621573135,2023,10,October,4
1037,2023-09-13,Bob,South,2929.01,5,Furniture,1941.56,2385.48,Returning,0.15,Credit Card,Online,South-Bob,9707.8,-6778.789999999999,-231.4362190637792,2023,9,September,3
1024,2023-08-10,Eve,South,4384.39,30,Food,1543.96,1558.87,Returning,0.28,Credit Card,Online,South-Eve,46318.8,-41934.41,-956.4479893440136,2023,8,August,3
1093,2023-08-14,David,West,6885.89,6,Food,235.12,677.5,Returning,0.16,Credit Card,Online,West-David,1410.72,5475.17,79.51288794912494,2023,8,August,3
1046,2023-02-22,Alice,South,3391.32,46,Clothing,2551.56,2841.68,New,0.09,Bank Transfer,Retail,South-Alice,117371.76,-113980.43999999999,-3360.9461802483984,2023,2,February,1
1053,2023-12-21,Bob,North,660.2,44,Furniture,2045.0,2217.51,Returning,0.08,Credit Card,Online,North-Bob,89980.0,-89319.8,-13529.203271735838,2023,12,December,4
1095,2023-12-08,Eve,East,3801.82,4,Clothing,3191.05,3555.3500000000004,New,0.28,Credit Card,Online,East-Eve,12764.2,-8962.380000000001,-235.73919859435745,2023,12,December,4
1099,2023-12-30,Bob,West,9450.04,29,Electronics,3124.87,3383.67,New,0.05,Credit Card,Retail,West-Bob,90621.23,-81171.19,-858.9507557639968,2023,12,December,4
1060,2023-10-07,Alice,South,6453.17,23,Electronics,647.7,902.26,New,0.17,Bank Transfer,Online,South-Alice,14897.1,-8443.93,-130.84933451311528,2023,10,October,4
1097,2023-03-22,Eve,North,6747.64,6,Electronics,4885.98,4949.95,Returning,0.17,Bank Transfer,Online,North-Eve,29315.879999999997,-22568.239999999998,-334.461233853614,2023,3,March,1
1063,2023-07-21,Bob,East,6359.59,32,Electronics,975.31,1176.17,New,0.22,Bank Transfer,Retail,East-Bob,31209.92,-24850.329999999998,-390.7536492132354,2023,7,July,3
1085,2023-06-07,Charlie,East,2070.02,42,Clothing,2254.11,2382.23,Returning,0.15,Credit Card,Retail,East-Charlie,94672.62000000001,-92602.6,-4473.512333214172,2023,6,June,2
1032,2023-04-30,Alice,West,4241.51,18,Electronics,2466.18,2483.87,Returning,0.08,Cash,Online,West-Alice,44391.24,-40149.729999999996,-946.590483106252,2023,4,April,2
1087,2023-02-28,Alice,West,7534.3,15,Furniture,4074.66,4261.11,Returning,0.05,Credit Card,Retail,West-Alice,61119.899999999994,-53585.59999999999,-711.2220113348286,2023,2,February,1
1033,2023-08-03,Alice,West,1103.59,40,Food,541.19,595.2,Returning,0.19,Credit Card,Online,West-Alice,21647.600000000002,-20544.010000000002,-1861.5618119047838,2023,8,August,3
1067,2023-05-08,Charlie,North,2850.74,32,Food,2171.79,2307.64,Returning,0.22,Bank Transfer,Online,North-Charlie,69497.28,-66646.54,-2337.868062327676,2023,5,May,2
1018,2023-08-12,Charlie,North,2835.56,9,Electronics,3161.09,3216.42,New,0.17,Bank Transfer,Online,North-Charlie,28449.81,-25614.25,-903.3224477704581,2023,8,August,3
1025,2023-07-28,David,West,4376.99,37,Electronics,1115.02,1174.48,New,0.22,Credit Card,Online,West-David,41255.74,-36878.75,-842.5596128846536,2023,7,July,3
1095,2023-04-25,Bob,South,9805.65,10,Electronics,3155.97,3263.49,Returning,0.04,Credit Card,Online,South-Bob,31559.699999999997,-21754.049999999996,-221.85219745758818,2023,4,April,2
1054,2023-07-28,David,East,768.28,20,Clothing,4622.14,5122.070000000001,New,0.26,Cash,Retail,East-David,92442.8,-91674.52,-11932.436091008487,2023,7,July,3
1058,2023-01-14,Bob,East,5235.14,6,Food,4987.71,4998.78,Returning,0.17,Cash,Retail,East-Bob,29926.260000000002,-24691.120000000003,-471.64201912460794,2023,1,January,1
1067,2023-01-09,Charlie,North,1875.71,48,Electronics,210.63,533.5799999999999,New,0.04,Bank Transfer,Online,North-Charlie,10110.24,-8234.529999999999,-439.0086953740183,2023,1,January,1
1046,2023-02-09,Charlie,East,9709.7,3,Furniture,1216.16,1295.37,New,0.14,Cash,Retail,East-Charlie,3648.4800000000005,6061.22,62.42437974396737,2023,2,February,1
1024,2023-08-25,David,South,1221.7,42,Electronics,1586.02,2047.13,New,0.25,Cash,Retail,South-David,66612.84,-65391.14,-5352.471146762708,2023,8,August,3
1032,2023-10-08,Eve,East,4095.65,11,Food,2025.67,2081.55,New,0.27,Bank Transfer,Online,East-Eve,22282.370000000003,-18186.72,-444.04966244674233,2023,10,October,4
1047,2023-12-25,David,North,7405.06,43,Electronics,1249.17,1727.15,New,0.08,Cash,Retail,North-David,53714.310000000005,-46309.25000000001,-625.3730557213582,2023,12,December,4
1086,2023-07-20,Bob,North,7075.09,17,Food,1057.27,1366.62,New,0.21,Credit Card,Retail,North-Bob,17973.59,-10898.5,-154.04044330178132,2023,7,July,3
1023,2023-09-03,David,South,4285.01,32,Electronics,4775.04,4785.66,New,0.03,Cash,Online,South-David,152801.28,-148516.27,-3465.949204319243,2023,9,September,3
1066,2023-10-05,Alice,South,3530.59,4,Furniture,4596.68,5044.740000000001,New,0.01,Bank Transfer,Online,South-Alice,18386.72,-14856.130000000001,-420.78321187110373,2023,10,October,4
1027,2023-08-23,Bob,East,4036.36,4,Electronics,282.61,548.25,New,0.17,Credit Card,Online,East-Bob,1130.44,2905.92,71.99357837259312,2023,8,August,3
1002,2023-01-04,Bob,East,2716.34,17,Furniture,1727.12,1865.83,New,0.21,Cash,Online,East-Bob,29361.039999999997,-26644.699999999997,-980.9044523145113,2023,1,January,1
1090,2023-06-03,Eve,North,2132.8,41,Furniture,2055.49,2441.46,New,0.24,Credit Card,Online,North-Eve,84275.09,-82142.29,-3851.382689422355,2023,6,June,2
1017,2023-01-29,Charlie,South,4882.09,19,Electronics,1233.12,1697.1899999999998,New,0.1,Credit Card,Online,South-Charlie,23429.28,-18547.19,-379.90266463748105,2023,1,January,1
1033,2023-04-19,Bob,South,2758.48,5,Furniture,3162.92,3409.9300000000003,New,0.0,Cash,Online,South-Bob,15814.6,-13056.12,-473.3084887329254,2023,4,April,2
1009,2023-04-08,Charlie,South,2945.87,32,Clothing,3219.88,3384.5,Returning,0.14,Cash,Retail,South-Charlie,103036.16,-100090.29000000001,-3397.6478934915667,2023,4,April,2
1043,2023-08-03,David,East,6601.89,22,Electronics,4260.0,4656.58,New,0.0,Bank Transfer,Online,East-David,93720.0,-87118.11,-1319.5934800488951,2023,8,August,3
1048,2023-10-20,Alice,South,9688.52,6,Electronics,3717.3,4061.37,New,0.03,Bank Transfer,Retail,South-Alice,22303.800000000003,-12615.280000000002,-130.2085354625887,2023,10,October,4
1039,2023-03-16,Eve,North,6076.01,35,Furniture,2735.74,3181.23,New,0.1,Credit Card,Retail,North-Eve,95750.9,-89674.89,-1475.8845031525623,2023,3,March,1
1093,2023-11-22,Charlie,North,862.1,22,Furniture,3285.25,3634.58,New,0.13,Bank Transfer,Online,North-Charlie,72275.5,-71413.4,-8283.656188377217,2023,11,November,4
1042,2023-05-26,Bob,East,848.28,1,Electronics,1406.24,1535.57,New,0.08,Credit Card,Retail,East-Bob,1406.24,-557.96,-65.7754515018626,2023,5,May,2
1026,2023-05-08,Charlie,West,9519.09,20,Clothing,2985.63,3452.1400000000003,New,0.17,Credit Card,Retail,West-Charlie,59712.600000000006,-50193.51000000001,-527.2931551230213,2023,5,May,2
1099,2023-12-07,Bob,East,3043.18,22,Furniture,2471.67,2533.04,Returning,0.02,Bank Transfer,Retail,East-Bob,54376.740000000005,-51333.560000000005,-1686.8394245493203,2023,12,December,4
1050,2023-02-11,Charlie,West,1011.46,48,Furniture,710.06,851.3499999999999,Returning,0.04,Bank Transfer,Online,West-Charlie,34082.88,-33071.42,-3269.671563877958,2023,2,February,1
1025,2023-12-22,Bob,South,6030.54,11,Food,1250.59,1515.4899999999998,Returning,0.21,Bank Transfer,Retail,South-Bob,13756.49,-7725.95,-128.11373442510953,2023,12,December,4
1024,2023-02-10,David,East,6274.12,13,Clothing,1493.88,1781.09,New,0.04,Cash,Retail,East-David,19420.440000000002,-13146.320000000003,-209.53249220607836,2023,2,February,1
1013,2023-02-03,Bob,North,6520.2,42,Clothing,4625.33,4642.83,New,0.19,Credit Card,Online,North-Bob,194263.86,-187743.65999999997,-2879.4156620962544,2023,2,February,1
1060,2023-01-17,Bob,South,2747.28,3,Electronics,1190.41,1582.89,New,0.02,Credit Card,Retail,South-Bob,3571.2300000000005,-823.9500000000003,-29.99148248449376,2023,1,January,1
1007,2023-06-14,Alice,North,249.6,9,Clothing,1481.76,1668.95,Returning,0.12,Credit Card,Retail,North-Alice,13335.84,-13086.24,-5242.884615384615,2023,6,June,2
1057,2023-06-02,Bob,South,9653.65,12,Electronics,1878.3,2087.45,New,0.05,Bank Transfer,Retail,South-Bob,22539.6,-12885.949999999999,-133.48267235708772,2023,6,June,2
1036,2023-03-17,Alice,East,2583.84,23,Food,3335.53,3742.12,New,0.03,Bank Transfer,Retail,East-Alice,76717.19,-74133.35,-2869.1153476995482,2023,3,March,1
1045,2023-03-28,Eve,West,6792.66,14,Clothing,635.28,831.13,Returning,0.17,Bank Transfer,Retail,West-Eve,8893.92,-2101.26,-30.934273171334947,2023,3,March,1
1020,2023-04-27,Alice,South,7095.64,33,Furniture,4772.03,4805.17,Returning,0.28,Bank Transfer,Online,South-Alice,157476.99,-150381.34999999998,-2119.348642264827,2023,4,April,2
1065,2023-12-28,David,West,6139.07,18,Food,4334.58,4431.04,New,0.02,Bank Transfer,Retail,West-David,78022.44,-71883.37,-1170.916278850054,2023,12,December,4
1008,2023-12-08,Alice,South,3197.78,49,Electronics,2907.22,3385.61,New,0.13,Cash,Online,South-Alice,142453.78,-139256.0,-4354.771122466211,2023,12,December,4
1016,2023-01-27,Eve,North,2783.85,41,Food,3386.49,3430.99,New,0.21,Bank Transfer,Retail,North-Eve,138846.09,-136062.24,-4887.556441618622,2023,1,January,1
1014,2023-11-09,David,North,6016.92,9,Electronics,132.47,316.39,New,0.14,Credit Card,Online,North-David,1192.23,4824.6900000000005,80.18537723619394,2023,11,November,4
1076,2023-10-14,Charlie,South,8674.35,23,Food,1727.78,1984.34,Returning,0.24,Bank Transfer,Online,South-Charlie,39738.94,-31064.590000000004,-358.1200896897174,2023,10,October,4
1087,2023-05-14,Charlie,West,9472.66,10,Electronics,3988.52,4240.23,New,0.05,Credit Card,Online,West-Charlie,39885.2,-30412.539999999997,-321.05596527269,2023,5,May,2
1015,2023-08-07,Alice,East,1148.47,19,Clothing,433.54,445.48,New,0.29,Bank Transfer,Retail,East-Alice,8237.26,-7088.79,-617.2377162659886,2023,8,August,3
1092,2023-06-17,Alice,East,1632.8,47,Furniture,1447.45,1703.02,Returning,0.12,Bank Transfer,Retail,East-Alice,68030.15000000001,-66397.35,-4066.471705046546,2023,6,June,2
1098,2023-04-08,Eve,North,9452.89,5,Electronics,2947.22,3145.27,New,0.1,Credit Card,Retail,North-Eve,14736.099999999999,-5283.209999999999,-55.88989187433684,2023,4,April,2
1066,2023-09-25,Eve,East,7391.7,47,Food,1319.24,1805.56,New,0.26,Credit Card,Retail,East-Eve,62004.28,-54612.58,-738.8365328679465,2023,9,September,3
1032,2023-08-25,Bob,North,8841.64,23,Electronics,4673.19,4761.179999999999,Returning,0.17,Credit Card,Retail,North-Bob,107483.37,-98641.73,-1115.6496984722291,2023,8,August,3
1087,2023-11-05,Eve,East,2106.06,30,Electronics,698.74,882.28,Returning,0.15,Credit Card,Online,East-Eve,20962.2,-18856.14,-895.3277684396456,2023,11,November,4
1063,2023-06-22,Bob,South,5917.1,25,Electronics,3997.1,4212.65,New,0.22,Cash,Online,South-Bob,99927.5,-94010.4,-1588.7918067972485,2023,6,June,2
1086,2023-07-09,David,North,7041.28,28,Food,2564.35,2765.79,Returning,0.17,Credit Card,Online,North-David,71801.8,-64760.520000000004,-919.7265269950918,2023,7,July,3
1051,2023-05-02,Alice,North,6833.11,34,Furniture,3764.14,4100.4,Returning,0.05,Bank Transfer,Retail,North-Alice,127980.76,-121147.65,-1772.95038423207,2023,5,May,2
1025,2023-02-15,David,South,4140.7,45,Clothing,1588.04,1703.64,New,0.2,Bank Transfer,Retail,South-David,71461.8,-67321.1,-1625.8386263192215,2023,2,February,1
1058,2023-03-05,Eve,North,252.41,48,Furniture,2596.72,2715.05,Returning,0.04,Cash,Online,North-Eve,124642.56,-124390.15,-49280.991244403944,2023,3,March,1
1063,2023-05-10,David,East,5870.97,47,Electronics,4291.33,4658.64,New,0.24,Credit Card,Retail,East-David,201692.51,-195821.54,-3335.4205523107767,2023,5,May,2
1062,2023-11-06,David,East,2605.71,25,Food,2361.05,2616.19,New,0.3,Bank Transfer,Retail,East-David,59026.25000000001,-56420.54000000001,-2165.2655130463486,2023,11,November,4
1022,2023-12-29,David,North,4557.52,10,Furniture,1830.61,2044.04,New,0.11,Cash,Online,North-David,18306.1,-13748.579999999998,-301.66801242781156,2023,12,December,4
1058,2023-07-12,Eve,East,9580.05,14,Electronics,2703.97,2796.88,New,0.13,Bank Transfer,Online,East-Eve,37855.579999999994,-28275.529999999995,-295.1501296966091,2023,7,July,3
1058,2023-11-03,David,West,4050.45,42,Clothing,3600.95,3702.84,Returning,0.01,Cash,Retail,West-David,151239.9,-147189.44999999998,-3633.9036403362584,2023,11,November,4
1086,2023-06-30,Bob,North,8414.04,46,Clothing,2245.64,2260.81,New,0.0,Cash,Retail,North-Bob,103299.43999999999,-94885.4,-1127.7032198563352,2023,6,June,2
1049,2023-10-19,Eve,South,1966.55,30,Clothing,4697.44,4752.24,New,0.28,Credit Card,Online,South-Eve,140923.19999999998,-138956.65,-7066.011543057638,2023,10,October,4
1052,2023-10-09,David,West,6757.36,41,Electronics,1509.98,1792.83,New,0.04,Cash,Retail,West-David,61909.18,-55151.82,-816.1740679792109,2023,10,October,4
1042,2023-01-29,Eve,North,9772.37,25,Food,2403.54,2850.56,New,0.13,Bank Transfer,Online,North-Eve,60088.5,-50316.13,-514.8815486928963,2023,1,January,1
1070,2023-05-29,Charlie,South,1108.74,14,Furniture,3796.79,3947.5,Returning,0.24,Bank Transfer,Online,South-Charlie,53155.06,-52046.32,-4694.18619333658,2023,5,May,2
1015,2023-09-24,Bob,East,182.37,35,Clothing,3461.15,3631.75,Returning,0.27,Credit Card,Online,East-Bob,121140.25,-120957.88,-66325.53599824532,2023,9,September,3
1054,2023-10-23,David,South,4392.47,48,Electronics,4325.02,4391.67,Returning,0.16,Credit Card,Retail,South-David,207600.96000000002,-203208.49000000002,-4626.29204069692,2023,10,October,4
1060,2023-01-11,Charlie,West,1016.99,34,Electronics,4984.21,5184.64,New,0.17,Cash,Online,West-Charlie,169463.14,-168446.15000000002,-16563.2061278872,2023,1,January,1
1097,2023-06-13,Charlie,East,7509.01,10,Furniture,2162.95,2191.19,Returning,0.2,Credit Card,Online,East-Charlie,21629.5,-14120.49,-188.04729251925355,2023,6,June,2
1008,2023-04-23,Eve,North,9154.03,35,Clothing,600.2,1059.8200000000002,Returning,0.29,Bank Transfer,Retail,North-Eve,21007.0,-11852.97,-129.48362633725253,2023,4,April,2
1053,2023-07-06,Charlie,East,4396.81,11,Electronics,200.56,540.38,New,0.18,Bank Transfer,Online,East-Charlie,2206.16,2190.6500000000005,49.823622126041386,2023,7,July,3
1060,2023-10-22,Bob,North,2661.25,11,Furniture,3648.04,4143.51,Returning,0.17,Credit Card,Retail,North-Bob,40128.44,-37467.19,-1407.8793799906061,2023,10,October,4
1005,2023-08-20,Bob,North,4400.59,21,Food,4376.37,4818.95,New,0.0,Credit Card,Retail,North-Bob,91903.77,-87503.18000000001,-1988.4420043675964,2023,8,August,3
1068,2023-08-15,Alice,South,7262.13,21,Food,1142.53,1384.3,Returning,0.02,Credit Card,Retail,South-Alice,23993.13,-16731.0,-230.38695258829023,2023,8,August,3
1006,2023-11-06,Bob,South,189.64,22,Food,834.32,1098.97,Returning,0.17,Cash,Online,South-Bob,18355.04,-18165.4,-9578.886310904873,2023,11,November,4
1096,2023-04-08,Charlie,South,5935.59,45,Clothing,357.92,461.3,Returning,0.28,Cash,Online,South-Charlie,16106.400000000001,-10170.810000000001,-171.3529741777987,2023,4,April,2
1094,2023-02-24,Bob,West,6171.59,7,Furniture,4122.38,4358.78,Returning,0.26,Bank Transfer,Retail,West-Bob,28856.66,-22685.07,-367.57253803314865,2023,2,February,1
1047,2023-04-21,Eve,West,6413.11,17,Furniture,1591.34,2043.82,New,0.29,Cash,Retail,West-Eve,27052.78,-20639.67,-321.83558367157275,2023,4,April,2
1099,2023-06-01,Alice,South,2496.02,2,Electronics,2038.4,2073.32,New,0.16,Cash,Retail,South-Alice,4076.8,-1580.7800000000002,-63.33202458313636,2023,6,June,2
1055,2023-09-03,Charlie,West,7169.12,12,Electronics,2538.61,2971.75,Returning,0.24,Cash,Online,West-Charlie,30463.32,-23294.2,-324.92411899926356,2023,9,September,3
1040,2023-03-10,Alice,East,1004.78,42,Electronics,4205.29,4382.35,New,0.25,Cash,Retail,East-Alice,176622.18,-175617.4,-17478.19423157308,2023,3,March,1
1052,2023-11-08,Charlie,East,2072.78,18,Furniture,3271.62,3722.38,Returning,0.19,Bank Transfer,Retail,East-Charlie,58889.159999999996,-56816.38,-2741.07141134129,2023,11,November,4
1016,2023-10-16,Eve,West,8786.95,11,Electronics,3094.57,3565.6000000000004,Returning,0.1,Credit Card,Retail,West-Eve,34040.270000000004,-25253.320000000003,-287.395740273929,2023,10,October,4
1013,2023-09-07,Alice,West,7413.36,16,Furniture,919.58,1258.3000000000002,Returning,0.14,Bank Transfer,Online,West-Alice,14713.28,-7299.920000000001,-98.46978967701557,2023,9,September,3
1030,2023-02-05,David,East,236.08,49,Furniture,2590.29,2925.86,Returning,0.26,Cash,Retail,East-David,126924.20999999999,-126688.12999999999,-53663.22009488308,2023,2,February,1
1019,2023-08-27,Charlie,North,2558.92,18,Food,3591.14,3822.99,Returning,0.09,Credit Card,Online,North-Charlie,64640.52,-62081.6,-2426.086005033373,2023,8,August,3
1017,2023-05-28,David,East,2222.62,35,Electronics,4867.64,5287.05,Returning,0.28,Credit Card,Online,East-David,170367.40000000002,-168144.78000000003,-7565.160936192423,2023,5,May,2
1063,2023-08-15,Alice,East,2780.98,26,Food,1046.96,1528.15,New,0.07,Credit Card,Retail,East-Alice,27220.96,-24439.98,-878.8261691921554,2023,8,August,3
1019,2023-09-01,David,West,2550.84,16,Clothing,97.24,487.03,New,0.22,Bank Transfer,Retail,West-David,1555.84,995.0000000000002,39.00675855796523,2023,9,September,3
1092,2023-12-03,David,East,719.01,6,Clothing,422.74,737.49,Returning,0.19,Credit Card,Retail,East-David,2536.44,-1817.43,-252.76838986940376,2023,12,December,4
1058,2023-12-31,Alice,West,4643.51,44,Clothing,1910.47,2217.8,New,0.22,Bank Transfer,Online,West-Alice,84060.68000000001,-79417.17000000001,-1710.2831694127935,2023,12,December,4
1055,2023-07-20,Eve,West,7354.06,43,Furniture,4111.7,4537.94,Returning,0.13,Bank Transfer,Online,West-Eve,176803.1,-169449.04,-2304.156343570762,2023,7,July,3
1090,2023-06-03,David,South,6106.64,47,Furniture,85.35,360.54,New,0.28,Cash,Online,South-David,4011.45,2095.1900000000005,34.31002973812113,2023,6,June,2
1090,2023-03-14,David,East,6761.43,47,Furniture,2310.82,2714.71,New,0.19,Cash,Retail,East-David,108608.54000000001,-101847.11000000002,-1506.295413839972,2023,3,March,1
1062,2023-07-20,Eve,North,903.38,48,Electronics,1679.69,1939.04,New,0.09,Credit Card,Online,North-Eve,80625.12,-79721.73999999999,-8824.828975624874,2023,7,July,3
1023,2023-10-23,David,South,9519.76,42,Food,309.78,350.38,Returning,0.19,Credit Card,Retail,South-David,13010.759999999998,-3490.999999999998,-36.67109254855163,2023,10,October,4
1009,2023-01-17,David,West,8401.07,12,Furniture,2278.67,2476.8,New,0.09,Cash,Retail,West-David,27344.04,-18942.97,-225.4828254020024,2023,1,January,1
1012,2023-05-09,David,West,8070.39,13,Food,1311.01,1538.79,Returning,0.09,Bank Transfer,Retail,West-David,17043.13,-8972.740000000002,-111.18099620960078,2023,5,May,2
1001,2023-08-05,Bob,North,8247.54,4,Food,1791.83,1871.22,Returning,0.12,Bank Transfer,Online,North-Bob,7167.32,1080.2200000000012,13.097481188330109,2023,8,August,3
1058,2023-03-02,Eve,West,9333.83,39,Food,3542.8,3603.02,Returning,0.26,Cash,Online,West-Eve,138169.2,-128835.37000000001,-1380.305512313809,2023,3,March,1
1001,2023-04-14,David,East,5488.11,2,Electronics,2631.68,2904.06,New,0.15,Bank Transfer,Online,East-David,5263.36,224.75,4.0952167503931225,2023,4,April,2
1034,2023-02-11,Eve,South,2082.79,26,Electronics,667.0,718.72,New,0.2,Cash,Retail,South-Eve,17342.0,-15259.21,-732.6331507257092,2023,2,February,1
1096,2023-01-25,Charlie,West,6206.16,27,Clothing,4809.0,4967.44,New,0.12,Cash,Online,West-Charlie,129843.0,-123636.84,-1992.1632700413782,2023,1,January,1
1048,2023-02-08,Charlie,West,7454.53,27,Clothing,3197.76,3572.61,Returning,0.08,Credit Card,Online,West-Charlie,86339.52,-78884.99,-1058.2154743491542,2023,2,February,1
1089,2023-10-18,David,North,7405.38,15,Food,3841.05,4323.62,Returning,0.29,Credit Card,Retail,North-David,57615.75,-50210.37,-678.0255705986729,2023,10,October,4
1001,2023-05-11,Eve,East,5262.35,8,Clothing,442.11,803.87,New,0.18,Cash,Retail,East-Eve,3536.88,1725.4700000000003,32.78896310583675,2023,5,May,2
1016,2023-08-17,Eve,West,777.74,7,Food,282.94,779.3299999999999,Returning,0.28,Credit Card,Online,West-Eve,1980.58,-1202.84,-154.65836912078586,2023,8,August,3
1061,2023-04-18,Eve,North,3774.02,47,Electronics,146.27,498.46,New,0.06,Cash,Retail,North-Eve,6874.6900000000005,-3100.6700000000005,-82.1582821500681,2023,4,April,2
1064,2023-06-21,Bob,West,9215.59,46,Electronics,984.53,1138.49,New,0.04,Bank Transfer,Online,West-Bob,45288.38,-36072.78999999999,-391.4322360261252,2023,6,June,2
1063,2023-04-12,Charlie,North,5886.04,40,Electronics,2101.32,2440.63,New,0.26,Bank Transfer,Retail,North-Charlie,84052.8,-78166.76000000001,-1328.00252801544,2023,4,April,2
1069,2023-12-20,Eve,North,5429.49,12,Furniture,4682.34,5036.400000000001,New,0.2,Bank Transfer,Retail,North-Eve,56188.08,-50758.590000000004,-934.8684683091783,2023,12,December,4
1022,2023-01-12,Eve,East,2761.65,13,Food,2312.45,2504.6,Returning,0.06,Bank Transfer,Online,East-Eve,30061.85,-27300.199999999997,-988.5467021526985,2023,1,January,1
1093,2023-10-02,Bob,West,3747.64,43,Electronics,1486.76,1505.44,New,0.08,Cash,Retail,West-Bob,63930.68,-60183.04,-1605.8917078481393,2023,10,October,4
1067,2023-04-11,Bob,East,8963.93,17,Food,2831.58,3186.15,New,0.24,Bank Transfer,Retail,East-Bob,48136.86,-39172.93,-437.00620152098463,2023,4,April,2
1076,2023-02-13,Eve,North,6697.98,17,Clothing,604.08,624.71,New,0.14,Bank Transfer,Retail,North-Eve,10269.36,-3571.380000000001,-53.32025476337644,2023,2,February,1
1026,2023-11-01,Alice,South,7895.13,36,Clothing,3067.05,3386.33,New,0.2,Bank Transfer,Online,South-Alice,110413.8,-102518.67,-1298.5051544433088,2023,11,November,4
1016,2023-01-17,Eve,West,4598.02,21,Electronics,2863.74,2953.91,New,0.1,Bank Transfer,Retail,West-Eve,60138.53999999999,-55540.51999999999,-1207.9225405718112,2023,1,January,1
1051,2023-11-26,Eve,South,6339.45,8,Food,3970.37,4257.52,New,0.11,Cash,Retail,South-Eve,31762.96,-25423.51,-401.0365252506132,2023,11,November,4
1086,2023-02-26,Bob,West,2559.0,5,Electronics,4934.1,5191.02,New,0.3,Bank Transfer,Online,West-Bob,24670.5,-22111.5,-864.0679953106682,2023,2,February,1
1057,2023-11-07,Bob,East,7084.06,26,Clothing,1291.82,1308.4399999999998,Returning,0.07,Credit Card,Online,East-Bob,33587.32,-26503.26,-374.12528973498246,2023,11,November,4
1029,2023-10-30,Eve,East,4333.25,16,Electronics,2572.8,2760.6000000000004,Returning,0.15,Credit Card,Retail,East-Eve,41164.8,-36831.55,-849.9751918306123,2023,10,October,4
1078,2023-01-12,Eve,East,4481.2,36,Food,4548.88,4853.41,Returning,0.25,Credit Card,Retail,East-Eve,163759.68,-159278.47999999998,-3554.3711505846645,2023,1,January,1
1092,2023-11-14,Eve,East,6528.29,28,Clothing,3936.69,4362.51,Returning,0.07,Credit Card,Retail,East-Eve,110227.32,-103699.03000000001,-1588.4562419867991,2023,11,November,4
1069,2023-03-21,Bob,East,9369.18,29,Furniture,2462.66,2908.09,New,0.12,Credit Card,Online,East-Bob,71417.14,-62047.96,-662.2560352133271,2023,3,March,1
1047,2023-08-04,Eve,South,733.66,47,Clothing,4729.59,4976.68,Returning,0.18,Credit Card,Retail,South-Eve,222290.73,-221557.07,-30198.875500913233,2023,8,August,3
1094,2023-12-05,Eve,East,8264.96,12,Furniture,333.32,700.25,Returning,0.14,Cash,Online,East-Eve,3999.84,4265.119999999999,51.60484745237726,2023,12,December,4
1062,2023-09-21,David,North,2994.59,37,Electronics,4658.44,4823.5,Returning,0.14,Credit Card,Online,North-David,172362.28,-169367.69,-5655.788939387362,2023,9,September,3
1069,2023-05-29,Alice,North,4494.8,30,Electronics,300.01,477.68,New,0.11,Bank Transfer,Retail,North-Alice,9000.3,-4505.499999999999,-100.23805286108389,2023,5,May,2
1076,2023-03-22,Charlie,South,316.94,23,Food,2759.16,2864.45,Returning,0.18,Credit Card,Retail,South-Charlie,63460.67999999999,-63143.73999999999,-19922.931785195935,2023,3,March,1
1016,2023-08-03,Alice,West,3080.36,16,Furniture,4457.68,4743.030000000001,Returning,0.19,Cash,Online,West-Alice,71322.88,-68242.52,-2215.4072900570063,2023,8,August,3
1090,2023-07-17,David,North,5076.05,14,Electronics,1350.47,1514.61,New,0.2,Credit Card,Retail,North-David,18906.58,-13830.530000000002,-272.46638626491074,2023,7,July,3
1090,2023-07-19,Charlie,West,656.14,10,Furniture,2387.63,2438.9700000000003,Returning,0.02,Bank Transfer,Retail,West-Charlie,23876.300000000003,-23220.160000000003,-3538.903282835981,2023,7,July,3
1048,2023-01-25,Eve,South,4961.85,7,Electronics,1655.43,2001.08,New,0.19,Bank Transfer,Online,South-Eve,11588.01,-6626.16,-133.54212642461985,2023,1,January,1
1085,2023-03-30,David,West,9278.4,45,Clothing,4763.11,5119.91,Returning,0.29,Cash,Retail,West-David,214339.94999999998,-205061.55,-2210.0960294878428,2023,3,March,1
1039,2023-09-25,Eve,West,1143.39,37,Electronics,4127.05,4313.45,New,0.16,Cash,Online,West-Eve,152700.85,-151557.46,-13255.097560762291,2023,9,September,3
1100,2023-05-23,Bob,West,7667.96,29,Food,3559.56,3607.15,Returning,0.21,Cash,Retail,West-Bob,103227.24,-95559.28,-1246.2151602251445,2023,5,May,2
1033,2023-02-28,David,West,4155.74,3,Clothing,2958.75,3177.64,Returning,0.17,Cash,Online,West-David,8876.25,-4720.51,-113.59011872735061,2023,2,February,1
1094,2023-12-31,Bob,South,6586.22,15,Food,4111.93,4338.67,Returning,0.26,Credit Card,Online,South-Bob,61678.950000000004,-55092.73,-836.4848122291694,2023,12,December,4
1023,2023-01-26,David,North,2676.34,36,Clothing,1991.72,2329.37,New,0.28,Credit Card,Retail,North-David,71701.92,-69025.58,-2579.103551865607,2023,1,January,1
1010,2023-02-16,David,East,1678.97,47,Furniture,2265.38,2429.9300000000003,Returning,0.06,Bank Transfer,Online,East-David,106472.86,-104793.89,-6241.558217240332,2023,2,February,1
1069,2023-10-15,Bob,West,1688.58,46,Food,3663.51,4007.980000000001,New,0.13,Cash,Online,West-Bob,168521.46000000002,-166832.88000000003,-9880.069644316529,2023,10,October,4
1100,2023-09-23,Charlie,North,797.87,19,Electronics,1820.89,2257.92,New,0.12,Cash,Retail,North-Charlie,34596.91,-33799.04,-4236.1587727324,2023,9,September,3
1034,2023-01-16,Alice,North,1937.9,13,Furniture,366.31,492.68,New,0.12,Credit Card,Retail,North-Alice,4762.03,-2824.1299999999997,-145.73146189173843,2023,1,January,1
1052,2023-07-18,Eve,South,6675.77,42,Electronics,417.96,907.63,New,0.04,Cash,Retail,South-Eve,17554.32,-10878.55,-162.95573394529768,2023,7,July,3
1095,2023-10-09,David,North,8828.74,21,Clothing,621.05,820.3699999999999,Returning,0.24,Bank Transfer,Online,North-David,13042.05,-4213.3099999999995,-47.72266484232178,2023,10,October,4
1010,2023-03-27,Eve,South,8159.84,37,Clothing,4354.92,4495.88,Returning,0.01,Bank Transfer,Online,South-Eve,161132.04,-152972.2,-1874.6960724720093,2023,3,March,1
1019,2023-09-07,Bob,West,6882.83,27,Electronics,2387.52,2604.06,Returning,0.16,Cash,Online,West-Bob,64463.04,-57580.21,-836.5775415054562,2023,9,September,3
1058,2023-09-27,Eve,West,1193.28,29,Electronics,3578.77,3635.02,New,0.2,Bank Transfer,Retail,West-Eve,103784.33,-102591.05,-8597.399604451595,2023,9,September,3
1096,2023-12-01,Bob,East,2962.96,20,Furniture,1994.9,2066.5,Returning,0.06,Bank Transfer,Online,East-Bob,39898.0,-36935.04,-1246.5588465588467,2023,12,December,4
1001,2023-04-27,Eve,East,3167.09,25,Electronics,1330.62,1543.6899999999998,New,0.27,Credit Card,Online,East-Eve,33265.5,-30098.41,-950.3490585995346,2023,4,April,2
1069,2023-01-07,Alice,East,2574.57,6,Food,1768.6,2152.2,New,0.25,Bank Transfer,Retail,East-Alice,10611.599999999999,-8037.029999999999,-312.169799228609,2023,1,January,1
1004,2023-05-17,Alice,North,5198.56,36,Food,3981.2,4432.349999999999,New,0.14,Cash,Online,North-Alice,143323.19999999998,-138124.63999999998,-2656.9788556831118,2023,5,May,2
1016,2023-06-25,Alice,West,5401.98,2,Electronics,3144.82,3480.58,Returning,0.12,Cash,Retail,West-Alice,6289.64,-887.6600000000008,-16.43212303636816,2023,6,June,2
1024,2023-11-24,Alice,South,3633.17,22,Food,4691.32,4752.88,Returning,0.07,Bank Transfer,Retail,South-Alice,103209.04,-99575.87,-2740.743482963913,2023,11,November,4
1080,2023-11-11,Alice,East,3602.51,32,Electronics,3414.54,3753.83,New,0.22,Cash,Retail,East-Alice,109265.28,-105662.77,-2933.0319693769065,2023,11,November,4
1002,2023-08-03,Alice,South,8302.7,16,Furniture,2872.4,3193.76,Returning,0.04,Credit Card,Online,South-Alice,45958.4,-37655.7,-453.53559685403536,2023,8,August,3
1092,2023-03-23,Bob,South,7914.0,18,Food,3070.47,3475.29,Returning,0.2,Bank Transfer,Online,South-Bob,55268.46,-47354.46,-598.363153904473,2023,3,March,1
1032,2023-08-11,David,East,3147.18,5,Food,4714.74,5129.11,New,0.25,Bank Transfer,Online,East-David,23573.699999999997,-20426.519999999997,-649.041999504318,2023,8,August,3
1091,2023-04-13,Eve,West,9146.51,36,Electronics,3951.59,4387.01,New,0.07,Bank Transfer,Retail,West-Eve,142257.24,-133110.72999999998,-1455.317164689045,2023,4,April,2
1084,2023-09-30,Alice,East,9532.87,30,Food,169.0,381.92,Returning,0.26,Cash,Retail,East-Alice,5070.0,4462.870000000001,46.81559698181136,2023,9,September,3
1024,2023-01-14,Bob,South,3334.75,45,Clothing,2693.99,3045.94,New,0.01,Cash,Retail,South-Bob,121229.54999999999,-117894.79999999999,-3535.3414798710546,2023,1,January,1
1012,2023-06-08,Bob,East,3608.81,19,Furniture,3457.28,3598.7200000000003,New,0.27,Bank Transfer,Online,East-Bob,65688.32,-62079.51000000001,-1720.2210701034417,2023,6,June,2
1050,2023-06-01,Bob,South,5105.78,23,Furniture,3756.06,4255.73,Returning,0.04,Cash,Online,South-Bob,86389.38,-81283.6,-1591.9918210342007,2023,6,June,2
1035,2023-04-18,David,South,9417.1,34,Food,1105.05,1200.96,Returning,0.19,Cash,Online,South-David,37571.7,-28154.6,-298.9731445986556,2023,4,April,2
1033,2023-07-07,Eve,East,8775.56,13,Food,4342.53,4357.49,New,0.08,Bank Transfer,Online,East-Eve,56452.89,-47677.33,-543.2967240837053,2023,7,July,3
1033,2023-10-28,David,North,1115.42,43,Clothing,4781.42,4864.34,Returning,0.25,Bank Transfer,Online,North-David,205601.06,-204485.63999999998,-18332.613723978408,2023,10,October,4
1061,2023-04-08,Charlie,East,3988.03,29,Clothing,1221.74,1611.92,New,0.15,Cash,Retail,East-Charlie,35430.46,-31442.43,-788.4200971406935,2023,4,April,2
1051,2023-05-11,Bob,North,5578.37,36,Food,4418.95,4647.87,New,0.04,Bank Transfer,Online,North-Bob,159082.19999999998,-153503.83,-2751.7685273655206,2023,5,May,2
1043,2023-10-20,Charlie,South,5081.01,22,Food,530.04,759.3199999999999,Returning,0.17,Bank Transfer,Retail,South-Charlie,11660.88,-6579.869999999999,-129.4992531012535,2023,10,October,4
1012,2023-06-20,Alice,South,2019.24,47,Clothing,325.75,803.71,New,0.12,Bank Transfer,Retail,South-Alice,15310.25,-13291.01,-658.218438620471,2023,6,June,2
1067,2023-07-02,Alice,North,8602.29,36,Electronics,689.66,1150.28,New,0.2,Bank Transfer,Online,North-Alice,24827.76,-16225.469999999998,-188.61803078017593,2023,7,July,3
1065,2023-12-30,David,South,6801.71,9,Clothing,335.82,498.31,New,0.26,Cash,Retail,South-David,3022.38,3779.33,55.564409538189665,2023,12,December,4
1033,2023-02-08,Eve,North,8395.29,39,Electronics,4232.81,4345.25,Returning,0.12,Bank Transfer,Online,North-Eve,165079.59000000003,-156684.30000000002,-1866.3357668406927,2023,2,February,1
1040,2023-01-15,Charlie,North,8601.77,19,Furniture,342.3,768.06,Returning,0.09,Credit Card,Online,North-Charlie,6503.7,2098.0700000000006,24.39114275317755,2023,1,January,1
1074,2023-01-04,Eve,South,7508.72,38,Furniture,1394.74,1848.69,Returning,0.0,Bank Transfer,Retail,South-Eve,53000.12,-45491.4,-605.8476011890176,2023,1,January,1
1043,2023-12-15,David,West,4448.18,6,Clothing,563.59,838.97,New,0.17,Credit Card,Online,West-David,3381.54,1066.6400000000003,23.979245444204153,2023,12,December,4
1044,2023-07-29,Alice,North,6144.41,47,Electronics,1512.34,1830.76,New,0.12,Bank Transfer,Online,North-Alice,71079.98,-64935.56999999999,-1056.823519263851,2023,7,July,3
1029,2023-06-10,Eve,East,1687.62,15,Clothing,498.27,634.16,Returning,0.11,Credit Card,Retail,East-Eve,7474.049999999999,-5786.429999999999,-342.8751733210083,2023,6,June,2
1013,2023-01-16,Eve,East,6769.09,20,Clothing,3356.62,3759.01,Returning,0.05,Credit Card,Retail,East-Eve,67132.4,-60363.31,-891.7492602402982,2023,1,January,1
1012,2023-04-18,Alice,South,1874.61,9,Electronics,709.97,1029.71,Returning,0.13,Bank Transfer,Retail,South-Alice,6389.7300000000005,-4515.120000000001,-240.8564981516156,2023,4,April,2
1095,2023-11-07,Charlie,West,6970.1,32,Clothing,4266.64,4523.360000000001,New,0.3,Bank Transfer,Retail,West-Charlie,136532.48,-129562.38,-1858.8310067287414,2023,11,November,4
1046,2023-08-15,Alice,South,2373.02,4,Furniture,4095.1,4134.55,Returning,0.09,Bank Transfer,Retail,South-Alice,16380.4,-14007.38,-590.2765252715948,2023,8,August,3
1002,2023-06-19,Eve,West,1263.76,18,Food,117.63,576.44,New,0.18,Credit Card,Retail,West-Eve,2117.34,-853.5800000000002,-67.54288789010573,2023,6,June,2
1035,2023-02-03,Charlie,North,1736.32,5,Food,4483.85,4795.42,Returning,0.23,Cash,Online,North-Charlie,22419.25,-20682.93,-1191.1934436048655,2023,2,February,1
1087,2023-09-08,Charlie,North,119.72,20,Clothing,193.27,297.69,New,0.22,Cash,Online,North-Charlie,3865.4,-3745.6800000000003,-3128.7003007016374,2023,9,September,3
1081,2023-09-04,Alice,North,7215.52,23,Electronics,1236.25,1543.38,New,0.1,Bank Transfer,Online,North-Alice,28433.75,-21218.23,-294.0637680998736,2023,9,September,3
1090,2023-09-26,Eve,North,7350.77,11,Electronics,210.33,552.29,Returning,0.18,Cash,Retail,North-Eve,2313.63,5037.14,68.52533816185243,2023,9,September,3
1008,2023-05-21,David,East,5197.84,37,Furniture,1712.43,1980.06,New,0.26,Cash,Online,East-David,63359.91,-58162.07000000001,-1118.9661474766442,2023,5,May,2
1093,2023-10-01,Eve,East,1697.49,22,Electronics,2593.64,2955.51,Returning,0.0,Bank Transfer,Retail,East-Eve,57060.079999999994,-55362.59,-3261.43835898886,2023,10,October,4
1026,2023-04-06,Bob,South,927.19,4,Electronics,3993.39,4288.3,New,0.13,Credit Card,Online,South-Bob,15973.56,-15046.369999999999,-1622.7925236467172,2023,4,April,2
1074,2023-08-15,David,West,289.38,29,Furniture,1723.01,2197.42,New,0.07,Bank Transfer,Retail,West-David,49967.29,-49677.91,-17167.015688713804,2023,8,August,3
1090,2023-02-08,Charlie,North,1740.91,44,Clothing,3542.18,3578.49,Returning,0.12,Cash,Online,North-Charlie,155855.91999999998,-154115.00999999998,-8852.554698404856,2023,2,February,1
1034,2023-10-29,David,North,8919.47,34,Food,978.15,1040.21,New,0.12,Credit Card,Retail,North-David,33257.1,-24337.629999999997,-272.85959815998035,2023,10,October,4
1007,2023-01-29,Charlie,West,2491.21,13,Furniture,3765.46,3860.56,Returning,0.22,Cash,Retail,West-Charlie,48950.98,-46459.770000000004,-1864.9479570168714,2023,1,January,1
1068,2023-11-14,Charlie,West,3607.29,42,Clothing,1218.18,1566.36,Returning,0.03,Credit Card,Retail,West-Charlie,51163.560000000005,-47556.270000000004,-1318.3378658217111,2023,11,November,4
1058,2023-09-02,David,South,1142.92,9,Furniture,760.55,1086.89,Returning,0.15,Cash,Retail,South-David,6844.95,-5702.03,-498.900185489798,2023,9,September,3
1075,2023-08-24,Charlie,West,2301.38,42,Clothing,967.77,1414.88,New,0.17,Bank Transfer,Online,West-Charlie,40646.34,-38344.96,-1666.1724704307846,2023,8,August,3
1029,2023-07-04,Charlie,North,5240.32,31,Furniture,951.21,1320.3200000000002,New,0.15,Cash,Online,North-Charlie,29487.510000000002,-24247.190000000002,-462.7043768319493,2023,7,July,3
1036,2023-09-29,Bob,North,6116.75,7,Clothing,2588.67,2847.76,New,0.22,Cash,Retail,North-Bob,18120.690000000002,-12003.940000000002,-196.24702660726697,2023,9,September,3
1089,2023-08-24,Eve,North,2528.99,4,Furniture,4231.75,4727.75,Returning,0.12,Credit Card,Retail,North-Eve,16927.0,-14398.01,-569.3185817263019,2023,8,August,3
1021,2023-08-27,Eve,North,671.55,19,Clothing,444.05,584.44,Returning,0.28,Cash,Retail,North-Eve,8436.95,-7765.400000000001,-1156.3398108852657,2023,8,August,3
1036,2023-09-23,Bob,North,3971.23,42,Furniture,3549.43,3967.69,New,0.14,Bank Transfer,Online,North-Bob,149076.06,-145104.83,-3653.901436078998,2023,9,September,3
1010,2023-12-25,David,South,2418.61,30,Food,3289.01,3508.1400000000003,New,0.17,Bank Transfer,Retail,South-David,98670.3,-96251.69,-3979.6283815910792,2023,12,December,4
1073,2023-12-06,Alice,North,2273.58,31,Food,4368.97,4696.85,Returning,0.25,Bank Transfer,Retail,North-Alice,135438.07,-133164.49000000002,-5857.039998592529,2023,12,December,4
1024,2023-03-06,Alice,South,9602.64,35,Electronics,1258.53,1624.89,New,0.08,Credit Card,Online,South-Alice,44048.549999999996,-34445.909999999996,-358.7129164479768,2023,3,March,1
1064,2023-06-26,Alice,North,6201.37,21,Clothing,2278.04,2598.58,Returning,0.02,Credit Card,Retail,North-Alice,47838.84,-41637.469999999994,-671.4237337878565,2023,6,June,2
1099,2023-01-03,Bob,East,5613.1,31,Furniture,4632.85,4711.700000000001,New,0.21,Cash,Retail,East-Bob,143618.35,-138005.25,-2458.628030856389,2023,1,January,1
1049,2023-05-22,Bob,East,4216.17,19,Clothing,3316.97,3544.02,Returning,0.14,Cash,Online,East-Bob,63022.42999999999,-58806.259999999995,-1394.779147899634,2023,5,May,2
1099,2023-06-07,Charlie,East,4346.55,31,Food,1974.4,2259.5,New,0.27,Cash,Retail,East-Charlie,61206.4,-56859.85,-1308.1604951053134,2023,6,June,2
1036,2023-11-20,Alice,East,5454.96,32,Clothing,700.49,1126.52,New,0.29,Credit Card,Retail,East-Alice,22415.68,-16960.72,-310.9229031926907,2023,11,November,4
1082,2023-05-26,David,South,6994.66,2,Furniture,1349.3,1576.69,Returning,0.12,Credit Card,Online,South-David,2698.6,4296.0599999999995,61.419139743747365,2023,5,May,2
1096,2023-10-20,David,South,7051.25,10,Clothing,2927.02,3387.21,Returning,0.12,Cash,Retail,South-David,29270.2,-22218.95,-315.10654139337,2023,10,October,4
1024,2023-06-02,Alice,West,1799.77,2,Furniture,3604.93,3830.71,Returning,0.12,Credit Card,Online,West-Alice,7209.86,-5410.09,-300.5989654233597,2023,6,June,2
1023,2023-07-12,Alice,North,5051.12,2,Food,665.89,944.79,New,0.1,Credit Card,Retail,North-Alice,1331.78,3719.34,73.63396632825989,2023,7,July,3
1062,2023-03-14,Alice,East,4178.39,24,Food,3018.01,3418.19,Returning,0.23,Bank Transfer,Retail,East-Alice,72432.24,-68253.85,-1633.49639454431,2023,3,March,1
1096,2023-11-01,Bob,South,8718.22,17,Food,2774.24,3069.94,Returning,0.23,Bank Transfer,Retail,South-Bob,47162.079999999994,-38443.85999999999,-440.9599665986864,2023,11,November,4
1037,2023-12-10,Bob,North,6351.05,32,Electronics,2594.08,3074.59,New,0.14,Cash,Retail,North-Bob,83010.56,-76659.51,-1207.0367891923383,2023,12,December,4
1012,2023-05-20,Bob,North,5371.79,16,Food,3466.11,3799.67,Returning,0.01,Cash,Retail,North-Bob,55457.76,-50085.97,-932.3888312834268,2023,5,May,2
1055,2023-07-06,Eve,South,1242.41,16,Clothing,4195.38,4461.51,Returning,0.09,Bank Transfer,Online,South-Eve,67126.08,-65883.67,-5302.892764868279,2023,7,July,3
1013,2023-10-20,David,East,6095.82,46,Electronics,1648.8,1670.36,Returning,0.09,Credit Card,Retail,East-David,75844.8,-69748.98000000001,-1144.2099668297294,2023,10,October,4
1023,2023-03-02,David,West,1260.32,39,Food,4450.61,4663.339999999999,New,0.24,Cash,Retail,West-David,173573.78999999998,-172313.46999999997,-13672.199917481274,2023,3,March,1
1089,2023-07-17,Charlie,North,3438.35,31,Clothing,845.14,1001.77,New,0.03,Cash,Online,North-Charlie,26199.34,-22760.99,-661.9742027425947,2023,7,July,3
1099,2023-10-22,Bob,West,1514.14,43,Clothing,906.47,1283.04,New,0.24,Cash,Online,West-Bob,38978.21,-37464.07,-2474.280449628172,2023,10,October,4
1030,2023-11-15,Eve,East,6951.53,24,Clothing,1370.52,1482.58,Returning,0.2,Credit Card,Retail,East-Eve,32892.479999999996,-25940.949999999997,-373.1689282790982,2023,11,November,4
1017,2023-10-29,Eve,East,2141.9,1,Furniture,641.68,752.24,New,0.22,Bank Transfer,Online,East-Eve,641.68,1500.2200000000003,70.04155189317896,2023,10,October,4
1062,2023-12-10,David,West,3979.41,11,Electronics,1190.08,1292.9399999999998,Returning,0.13,Cash,Retail,West-David,13090.88,-9111.47,-228.96534913467073,2023,12,December,4
1084,2023-01-11,Bob,East,8967.18,21,Clothing,576.74,648.29,Returning,0.2,Bank Transfer,Online,East-Bob,12111.54,-3144.3600000000006,-35.06520444554476,2023,1,January,1
1089,2023-03-03,Charlie,North,2122.73,4,Furniture,4117.67,4280.06,Returning,0.18,Bank Transfer,Online,North-Charlie,16470.68,-14347.95,-675.9196883258822,2023,3,March,1
1086,2023-11-29,Bob,West,5127.27,7,Food,737.9,1182.0,New,0.23,Credit Card,Retail,West-Bob,5165.3,-38.029999999999745,-0.7417202526880726,2023,11,November,4
1013,2023-08-14,Alice,East,4250.79,26,Clothing,3749.12,4138.83,New,0.13,Credit Card,Online,East-Alice,97477.12,-93226.33,-2193.1530374353943,2023,8,August,3
1059,2023-06-02,Bob,West,279.43,47,Furniture,287.17,657.44,Returning,0.14,Credit Card,Retail,West-Bob,13496.990000000002,-13217.560000000001,-4730.186450989515,2023,6,June,2
1019,2023-07-18,Alice,North,7948.31,12,Clothing,4745.18,5145.88,Returning,0.19,Credit Card,Online,North-Alice,56942.16,-48993.850000000006,-616.4058774758408,2023,7,July,3
1049,2023-02-21,Alice,East,783.55,31,Electronics,3570.24,3712.25,New,0.03,Credit Card,Online,East-Alice,110677.43999999999,-109893.88999999998,-14025.12794333482,2023,2,February,1
1100,2023-09-17,Charlie,North,4795.12,17,Electronics,83.64,528.49,New,0.13,Credit Card,Online,North-Charlie,1421.88,3373.24,70.3473531423614,2023,9,September,3
1012,2023-02-28,David,East,5650.72,33,Food,3831.09,3908.37,New,0.29,Cash,Retail,East-David,126425.97,-120775.25,-2137.3426749157625,2023,2,February,1
1061,2023-03-13,Bob,South,6321.42,11,Clothing,2594.71,2769.52,Returning,0.01,Bank Transfer,Retail,South-Bob,28541.81,-22220.39,-351.50947097329396,2023,3,March,1
1019,2023-05-28,Alice,East,6917.45,28,Furniture,3907.86,4205.37,New,0.09,Credit Card,Online,East-Alice,109420.08,-102502.63,-1481.7979168624277,2023,5,May,2
1076,2023-12-15,Bob,West,2607.4,32,Food,2636.36,2696.78,New,0.09,Cash,Retail,West-Bob,84363.52,-81756.12000000001,-3135.5419191531796,2023,12,December,4
1009,2023-03-04,David,East,198.79,1,Clothing,3223.07,3590.83,New,0.19,Bank Transfer,Retail,East-David,3223.07,-3024.28,-1521.3441319985916,2023,3,March,1
1071,2023-11-06,David,North,7262.09,47,Food,3942.34,4142.09,Returning,0.03,Credit Card,Retail,North-David,185289.98,-178027.89,-2451.4690674447716,2023,11,November,4
1028,2023-08-31,Eve,North,5403.0,28,Furniture,2055.28,2449.6400000000003,New,0.19,Credit Card,Online,North-Eve,57547.840000000004,-52144.840000000004,-965.1090135110123,2023,8,August,3
1078,2024-01-01,David,East,8377.57,42,Food,63.41,314.93,Returning,0.03,Cash,Retail,East-David,2663.22,5714.35,68.21011343384778,2024,1,January,1
1095,2023-11-26,Charlie,West,8231.74,7,Food,4257.24,4355.87,Returning,0.03,Bank Transfer,Online,West-Charlie,29800.68,-21568.940000000002,-262.0216381955699,2023,11,November,4
1052,2023-04-17,Alice,South,8448.93,2,Food,1935.41,2305.44,Returning,0.22,Credit Card,Online,South-Alice,3870.82,4578.110000000001,54.18567794975222,2023,4,April,2
1083,2023-08-14,Eve,West,4902.44,42,Clothing,2505.41,2638.96,New,0.1,Bank Transfer,Online,West-Eve,105227.22,-100324.78,-2046.4254534476713,2023,8,August,3
1016,2023-11-09,Charlie,South,3402.92,24,Furniture,88.44,338.94,New,0.29,Cash,Online,South-Charlie,2122.56,1280.3600000000001,37.625333537079925,2023,11,November,4
1069,2023-08-06,Bob,North,7936.43,4,Electronics,2485.86,2532.8700000000003,New,0.01,Credit Card,Online,North-Bob,9943.44,-2007.0100000000002,-25.288574333799964,2023,8,August,3
1099,2023-08-29,Alice,West,4567.81,44,Clothing,4933.11,5245.86,Returning,0.13,Bank Transfer,Retail,West-Alice,217056.84,-212489.03,-4651.879784842189,2023,8,August,3
1012,2023-09-16,David,South,1916.08,19,Electronics,1427.42,1763.69,New,0.03,Cash,Retail,South-David,27120.980000000003,-25204.9,-1315.440900171183,2023,9,September,3
1025,2023-09-19,Alice,East,8564.24,26,Electronics,2007.32,2202.87,Returning,0.11,Cash,Online,East-Alice,52190.32,-43626.08,-509.3981485806096,2023,9,September,3
1052,2023-01-05,Bob,North,8837.34,11,Clothing,3451.59,3929.26,New,0.3,Credit Card,Retail,North-Bob,37967.490000000005,-29130.150000000005,-329.6257697451949,2023,1,January,1
1085,2023-09-18,Eve,East,4716.47,40,Clothing,4083.23,4521.57,New,0.27,Bank Transfer,Retail,East-Eve,163329.2,-158612.73,-3362.9542857264014,2023,9,September,3
1100,2023-02-23,Eve,North,849.43,43,Furniture,2116.09,2472.98,New,0.01,Credit Card,Retail,North-Eve,90991.87000000001,-90142.44000000002,-10612.109296822578,2023,2,February,1
1053,2023-02-16,Eve,West,3939.48,11,Furniture,1582.86,1942.55,New,0.17,Credit Card,Retail,West-Eve,17411.46,-13471.98,-341.9735599622285,2023,2,February,1
1023,2023-08-03,David,West,8055.02,45,Food,4692.24,4825.92,Returning,0.19,Bank Transfer,Retail,West-David,211150.8,-203095.78,-2521.356619847002,2023,8,August,3
1016,2023-06-26,Charlie,North,9027.56,3,Electronics,3401.87,3733.71,Returning,0.06,Bank Transfer,Retail,North-Charlie,10205.61,-1178.050000000001,-13.049484024476172,2023,6,June,2
1057,2023-01-09,Charlie,North,2114.38,12,Furniture,639.16,746.28,Returning,0.04,Bank Transfer,Retail,North-Charlie,7669.92,-5555.54,-262.7503097834826,2023,1,January,1
1039,2023-04-09,Alice,North,763.04,3,Food,391.19,471.75,Returning,0.27,Cash,Online,North-Alice,1173.57,-410.53,-53.80189767246802,2023,4,April,2
1053,2023-01-20,David,West,8785.77,42,Furniture,2443.57,2943.3100000000004,New,0.29,Cash,Online,West-David,102629.94,-93844.17,-1068.1382508306044,2023,1,January,1
1042,2023-08-29,Eve,South,3955.11,27,Clothing,1139.45,1454.41,Returning,0.3,Bank Transfer,Online,South-Eve,30765.15,-26810.04,-677.8582643719137,2023,8,August,3
1058,2023-03-02,Eve,East,5463.43,49,Furniture,1307.22,1528.4,Returning,0.24,Cash,Retail,East-Eve,64053.78,-58590.35,-1072.4096400978872,2023,3,March,1
1039,2023-06-27,Bob,East,9683.85,2,Electronics,4394.58,4545.78,Returning,0.2,Credit Card,Retail,East-Bob,8789.16,894.6900000000005,9.238990690686045,2023,6,June,2
1014,2023-12-04,Bob,West,758.99,49,Furniture,493.35,799.27,New,0.1,Bank Transfer,Online,West-Bob,24174.15,-23415.16,-3085.041963662235,2023,12,December,4
1095,2023-03-03,Eve,East,6518.35,16,Electronics,3591.05,3625.35,Returning,0.05,Credit Card,Retail,East-Eve,57456.8,-50938.450000000004,-781.4623332591837,2023,3,March,1
1005,2023-05-25,Eve,North,833.64,2,Clothing,1392.15,1448.5400000000002,Returning,0.02,Bank Transfer,Retail,North-Eve,2784.3,-1950.6600000000003,-233.9930905426803,2023,5,May,2
1035,2023-08-04,David,South,3817.14,30,Electronics,3813.62,3839.72,New,0.21,Credit Card,Online,South-David,114408.59999999999,-110591.45999999999,-2897.233530863421,2023,8,August,3
1087,2023-01-03,Charlie,East,8057.76,20,Furniture,3625.94,3880.53,New,0.24,Bank Transfer,Online,East-Charlie,72518.8,-64461.04,-799.9870931871885,2023,1,January,1
1093,2023-06-09,Bob,South,4391.38,38,Food,86.59,390.89,Returning,0.25,Credit Card,Online,South-Bob,3290.42,1100.96,25.07093442152581,2023,6,June,2
1075,2023-08-15,Charlie,North,9972.11,28,Clothing,2570.22,2610.84,Returning,0.27,Bank Transfer,Retail,North-Charlie,71966.15999999999,-61994.04999999999,-621.6743497614847,2023,8,August,3
1018,2023-09-26,David,East,5634.69,25,Furniture,739.63,1103.03,New,0.26,Bank Transfer,Retail,East-David,18490.75,-12856.060000000001,-228.1591356401151,2023,9,September,3
1076,2023-04-30,Eve,West,3279.51,32,Clothing,4337.82,4460.71,Returning,0.3,Cash,Retail,West-Eve,138810.24,-135530.72999999998,-4132.651829084222,2023,4,April,2
1009,2023-03-30,Charlie,South,2279.1,10,Clothing,4364.35,4710.1,New,0.07,Credit Card,Online,South-Charlie,43643.5,-41364.4,-1814.9444956342418,2023,3,March,1
1074,2023-11-25,Eve,North,3570.15,42,Furniture,2120.81,2611.94,Returning,0.23,Cash,Online,North-Eve,89074.02,-85503.87000000001,-2394.9657577412713,2023,11,November,4
1058,2023-03-09,Eve,South,3788.08,40,Furniture,2249.76,2598.4,Returning,0.18,Credit Card,Retail,South-Eve,89990.40000000001,-86202.32,-2275.6203670461027,2023,3,March,1
1017,2023-12-23,Alice,East,780.27,33,Food,1551.25,1994.01,Returning,0.08,Cash,Online,East-Alice,51191.25,-50410.98,-6460.709754315814,2023,12,December,4
1007,2023-04-08,Charlie,East,3758.78,13,Clothing,3597.2,4071.82,Returning,0.29,Bank Transfer,Online,East-Charlie,46763.6,-43004.82,-1144.116442037044,2023,4,April,2
1046,2023-09-24,Charlie,West,4695.96,41,Clothing,1825.37,2073.88,Returning,0.27,Cash,Retail,West-Charlie,74840.17,-70144.20999999999,-1493.7139583812468,2023,9,September,3
1013,2023-04-15,Eve,North,7255.1,42,Furniture,1375.57,1729.71,New,0.04,Cash,Online,North-Eve,57773.939999999995,-50518.84,-696.3217598654738,2023,4,April,2
1040,2023-11-19,David,North,6601.62,47,Electronics,2189.54,2617.0,New,0.01,Bank Transfer,Online,North-David,102908.38,-96306.76000000001,-1458.8352555887798,2023,11,November,4
1042,2023-05-03,Alice,West,7116.78,37,Furniture,502.86,687.6,Returning,0.21,Cash,Online,West-Alice,18605.82,-11489.04,-161.4359302943185,2023,5,May,2
1009,2023-01-29,Eve,West,182.8,16,Clothing,3745.69,3883.77,Returning,0.18,Bank Transfer,Retail,West-Eve,59931.04,-59748.24,-32685.032822757108,2023,1,January,1
1050,2023-05-17,Bob,North,2254.91,45,Furniture,112.35,586.18,Returning,0.28,Credit Card,Retail,North-Bob,5055.75,-2800.84,-124.21072237916371,2023,5,May,2
1027,2023-07-14,Bob,South,6650.67,22,Food,3240.2,3606.09,New,0.07,Cash,Online,South-Bob,71284.4,-64633.729999999996,-971.8378749810169,2023,7,July,3
1066,2023-08-14,Alice,South,4891.49,20,Electronics,955.18,1072.82,New,0.03,Bank Transfer,Retail,South-Alice,19103.6,-14212.109999999999,-290.5476654352764,2023,8,August,3
1005,2023-11-28,David,West,152.6,43,Furniture,1200.4,1430.45,New,0.08,Bank Transfer,Retail,West-David,51617.200000000004,-51464.600000000006,-33725.163826998694,2023,11,November,4
1029,2023-06-19,Eve,South,8064.5,27,Food,3196.38,3596.6400000000003,New,0.01,Cash,Retail,South-Eve,86302.26000000001,-78237.76000000001,-970.1501643003287,2023,6,June,2
1037,2023-01-09,Charlie,North,7750.81,41,Clothing,4965.07,5243.13,New,0.01,Credit Card,Online,North-Charlie,203567.87,-195817.06,-2526.407691583202,2023,1,January,1
1038,2023-02-09,Alice,East,5529.35,16,Furniture,3899.7,4228.18,New,0.27,Cash,Retail,East-Alice,62395.2,-56865.85,-1028.436434662302,2023,2,February,1
1083,2023-01-25,David,East,757.99,34,Clothing,1167.91,1547.2600000000002,New,0.11,Bank Transfer,Online,East-David,39708.94,-38950.950000000004,-5138.715550337076,2023,1,January,1
1008,2023-09-18,Charlie,South,7688.5,32,Food,921.32,1236.1,New,0.12,Credit Card,Online,South-Charlie,29482.24,-21793.74,-283.45893217142486,2023,9,September,3
1065,2023-08-14,Bob,West,5878.76,26,Clothing,4337.85,4612.490000000001,Returning,0.01,Cash,Retail,West-Bob,112784.1,-106905.34000000001,-1818.5015207288616,2023,8,August,3
1086,2023-05-04,Bob,West,7841.4,25,Food,2248.71,2626.02,New,0.08,Bank Transfer,Online,West-Bob,56217.75,-48376.35,-616.9351136276686,2023,5,May,2
1017,2023-02-07,Charlie,West,7542.3,2,Food,728.41,1094.92,New,0.24,Cash,Retail,West-Charlie,1456.82,6085.4800000000005,80.68467178446893,2023,2,February,1
1071,2023-11-24,Alice,West,8049.72,12,Food,4317.95,4636.59,New,0.18,Credit Card,Retail,West-Alice,51815.399999999994,-43765.67999999999,-543.6919545027652,2023,11,November,4
1089,2023-09-08,Bob,West,5228.28,40,Furniture,4089.66,4275.96,New,0.23,Credit Card,Online,West-Bob,163586.4,-158358.12,-3028.876035713466,2023,9,September,3
1045,2023-06-25,Eve,South,1489.21,9,Clothing,4920.34,5129.1900000000005,Returning,0.13,Credit Card,Online,South-Eve,44283.06,-42793.85,-2873.594053222849,2023,6,June,2
1004,2023-03-31,Charlie,East,6744.46,12,Clothing,4553.23,5038.74,New,0.09,Credit Card,Retail,East-Charlie,54638.759999999995,-47894.299999999996,-710.1280161792048,2023,3,March,1
1036,2023-02-06,Charlie,East,6242.69,26,Electronics,4266.36,4331.429999999999,Returning,0.14,Credit Card,Retail,East-Charlie,110925.35999999999,-104682.66999999998,-1676.8840035305293,2023,2,February,1
1070,2023-11-12,Bob,South,7448.31,9,Electronics,310.24,451.81,Returning,0.1,Cash,Retail,South-Bob,2792.16,4656.150000000001,62.51283848282363,2023,11,November,4
1031,2023-06-25,Alice,West,1781.82,10,Electronics,566.86,818.14,Returning,0.25,Credit Card,Retail,West-Alice,5668.6,-3886.7800000000007,-218.1353896577657,2023,6,June,2
1019,2023-10-11,Eve,South,2030.25,32,Electronics,2866.47,3286.47,New,0.09,Credit Card,Online,South-Eve,91727.04,-89696.79,-4418.01699298116,2023,10,October,4
1061,2023-03-22,Alice,East,8915.05,34,Clothing,2680.82,2771.02,New,0.2,Bank Transfer,Online,East-Alice,91147.88,-82232.83,-922.4045855042878,2023,3,March,1
1054,2023-04-24,David,North,7524.78,48,Food,2316.92,2462.63,New,0.04,Credit Card,Online,North-David,111212.16,-103687.38,-1377.945667514532,2023,4,April,2
1039,2023-02-09,David,South,9091.46,20,Food,2014.11,2056.35,Returning,0.21,Bank Transfer,Retail,South-David,40282.2,-31190.739999999998,-343.07734951261955,2023,2,February,1
1091,2023-10-28,Bob,West,7611.28,39,Furniture,2184.49,2540.42,Returning,0.27,Bank Transfer,Online,West-Bob,85195.10999999999,-77583.82999999999,-1019.326972598564,2023,10,October,4
1074,2023-08-12,Bob,East,6011.84,2,Food,2868.02,2994.74,Returning,0.18,Bank Transfer,Online,East-Bob,5736.04,275.8000000000002,4.5876137754830495,2023,8,August,3
1090,2023-11-14,Bob,East,6575.91,1,Clothing,60.28,260.73,Returning,0.17,Cash,Online,East-Bob,60.28,6515.63,99.0833207875412,2023,11,November,4
1019,2023-12-15,David,East,8902.37,36,Clothing,1340.51,1567.92,New,0.29,Cash,Online,East-David,48258.36,-39355.99,-442.0844112298185,2023,12,December,4
1039,2023-04-25,Alice,East,5830.19,24,Clothing,2615.48,3062.2200000000003,New,0.19,Bank Transfer,Retail,East-Alice,62771.520000000004,-56941.33,-976.6633677461627,2023,4,April,2
1067,2023-07-05,Alice,West,6360.67,27,Furniture,3624.97,3836.52,New,0.08,Cash,Online,West-Alice,97874.18999999999,-91513.51999999999,-1438.740258494781,2023,7,July,3
1045,2023-11-19,Bob,North,1649.12,2,Electronics,912.08,993.24,Returning,0.09,Credit Card,Online,North-Bob,1824.16,-175.0400000000002,-10.614145726205503,2023,11,November,4
1013,2023-02-25,Eve,East,4791.82,31,Food,2757.06,3023.97,Returning,0.21,Cash,Online,East-Eve,85468.86,-80677.04000000001,-1683.640871318205,2023,2,February,1
1092,2023-02-09,Alice,South,7192.33,14,Clothing,3586.58,4068.43,New,0.22,Credit Card,Online,South-Alice,50212.119999999995,-43019.78999999999,-598.1342624712714,2023,2,February,1
1058,2023-12-20,David,North,2782.33,2,Clothing,2250.91,2558.68,New,0.09,Credit Card,Retail,North-David,4501.82,-1719.4899999999998,-61.800361567463234,2023,12,December,4
1020,2023-02-09,Charlie,East,2102.32,29,Electronics,184.05,675.9100000000001,Returning,0.1,Cash,Retail,East-Charlie,5337.450000000001,-3235.1300000000006,-153.88380455877316,2023,2,February,1
1092,2023-12-13,Charlie,North,3206.89,15,Clothing,2273.88,2696.02,New,0.3,Cash,Online,North-Charlie,34108.200000000004,-30901.310000000005,-963.5912051863335,2023,12,December,4
1072,2023-08-25,Charlie,South,2490.86,12,Food,1517.4,1545.02,New,0.03,Bank Transfer,Retail,South-Charlie,18208.800000000003,-15717.940000000002,-631.0246260327758,2023,8,August,3
1061,2023-10-16,Eve,East,2227.64,37,Furniture,4651.77,4984.39,Returning,0.12,Cash,Retail,East-Eve,172115.49000000002,-169887.85,-7626.360183871722,2023,10,October,4
1039,2023-09-19,Bob,South,4306.02,28,Clothing,666.84,817.36,Returning,0.02,Cash,Retail,South-Bob,18671.52,-14365.5,-333.614335279446,2023,9,September,3
1001,2023-08-04,David,West,9087.6,20,Food,3279.76,3563.9700000000003,Returning,0.25,Cash,Retail,West-David,65595.20000000001,-56507.60000000001,-621.8099388177297,2023,8,August,3
1003,2023-05-27,Eve,East,5119.89,39,Clothing,310.96,457.84,New,0.03,Credit Card,Online,East-Eve,12127.439999999999,-7007.549999999998,-136.8691514856764,2023,5,May,2
1077,2023-12-02,David,East,1960.41,24,Electronics,2258.54,2439.49,Returning,0.2,Credit Card,Retail,East-David,54204.96,-52244.549999999996,-2664.9807948337334,2023,12,December,4
1092,2023-06-17,David,East,862.02,21,Clothing,2792.2,3254.55,New,0.02,Credit Card,Retail,East-David,58636.2,-57774.18,-6702.185564140043,2023,6,June,2
1062,2023-04-02,Bob,East,6991.95,10,Clothing,1524.88,1636.14,New,0.2,Bank Transfer,Online,East-Bob,15248.800000000001,-8256.850000000002,-118.09080442508888,2023,4,April,2
1063,2023-12-19,Charlie,West,3889.71,46,Furniture,2302.62,2740.93,Returning,0.25,Bank Transfer,Online,West-Charlie,105920.51999999999,-102030.80999999998,-2623.095552110568,2023,12,December,4
1025,2023-02-28,Bob,East,8236.13,14,Electronics,859.59,884.51,New,0.12,Bank Transfer,Online,East-Bob,12034.26,-3798.130000000001,-46.11546927986811,2023,2,February,1
1056,2023-02-28,Eve,North,6629.16,37,Electronics,1555.41,1609.94,Returning,0.16,Credit Card,Online,North-Eve,57550.170000000006,-50921.01000000001,-768.1366870010681,2023,2,February,1
1033,2023-10-31,Eve,East,7982.79,18,Furniture,3124.48,3553.27,Returning,0.12,Cash,Retail,East-Eve,56240.64,-48257.85,-604.5236064082858,2023,10,October,4
1038,2023-06-18,Eve,West,2792.27,24,Clothing,1543.91,1862.88,New,0.09,Bank Transfer,Online,West-Eve,37053.840000000004,-34261.57000000001,-1227.014937667203,2023,6,June,2
1006,2023-09-26,Bob,East,6954.35,14,Food,4503.73,4879.879999999999,New,0.24,Bank Transfer,Retail,East-Bob,63052.219999999994,-56097.869999999995,-806.658710016033,2023,9,September,3
1058,2023-12-29,David,North,2714.21,34,Electronics,3160.61,3273.2200000000003,Returning,0.08,Credit Card,Retail,North-David,107460.74,-104746.53,-3859.1903353093535,2023,12,December,4
1044,2023-02-14,David,West,9396.78,12,Electronics,2221.31,2494.48,Returning,0.22,Bank Transfer,Online,West-David,26655.72,-17258.940000000002,-183.66866096684186,2023,2,February,1
1045,2023-12-11,Alice,West,6400.11,22,Clothing,241.85,613.09,Returning,0.06,Cash,Online,West-Alice,5320.7,1079.4099999999999,16.865491374367,2023,12,December,4
1032,2023-06-30,Eve,North,3312.67,6,Clothing,2522.76,2840.1400000000003,Returning,0.07,Credit Card,Retail,North-Eve,15136.560000000001,-11823.890000000001,-356.92930476020854,2023,6,June,2
1045,2023-06-19,David,North,2768.17,36,Electronics,3835.64,4076.77,Returning,0.1,Credit Card,Retail,North-David,138083.04,-135314.87,-4888.2427741070815,2023,6,June,2
1061,2023-12-22,Alice,North,1990.17,45,Clothing,1364.51,1844.8,Returning,0.18,Cash,Online,North-Alice,61402.95,-59412.78,-2985.3118075340294,2023,12,December,4
1047,2023-07-10,David,North,6976.95,36,Food,4043.53,4384.85,New,0.14,Cash,Online,North-David,145567.08000000002,-138590.13,-1986.3999312020296,2023,7,July,3
1021,2023-06-04,Eve,North,2265.28,22,Electronics,1296.44,1751.24,New,0.22,Cash,Online,North-Eve,28521.68,-26256.4,-1159.0796722700945,2023,6,June,2
1080,2023-07-07,Charlie,West,5993.5,14,Food,4127.54,4495.13,New,0.06,Bank Transfer,Retail,West-Charlie,57785.56,-51792.06,-864.1371485776258,2023,7,July,3
1085,2023-01-07,Eve,West,2719.89,16,Food,472.08,842.46,New,0.0,Cash,Retail,West-Eve,7553.28,-4833.389999999999,-177.7053483780594,2023,1,January,1
1075,2023-05-13,Bob,East,6653.49,36,Clothing,4337.61,4386.82,Returning,0.23,Credit Card,Online,East-Bob,156153.96,-149500.47,-2246.948143004649,2023,5,May,2
1036,2023-08-23,David,East,8167.9,25,Food,2520.97,2707.11,New,0.25,Cash,Retail,East-David,63024.24999999999,-54856.34999999999,-671.6089815007529,2023,8,August,3
1099,2023-02-14,David,South,7802.45,32,Clothing,1517.86,1948.46,New,0.02,Credit Card,Online,South-David,48571.52,-40769.07,-522.516260918045,2023,2,February,1
1019,2023-11-10,Bob,East,7632.43,33,Furniture,1362.31,1486.29,Returning,0.18,Credit Card,Retail,East-Bob,44956.229999999996,-37323.799999999996,-489.01594904899224,2023,11,November,4
1020,2023-09-06,Bob,East,1958.45,45,Clothing,2188.45,2255.05,New,0.11,Bank Transfer,Retail,East-Bob,98480.24999999999,-96521.79999999999,-4928.479154433352,2023,9,September,3
1057,2023-01-31,Charlie,North,975.01,36,Food,4995.3,5165.09,Returning,0.24,Cash,Online,North-Charlie,179830.80000000002,-178855.79,-18343.99544620055,2023,1,January,1
1018,2023-01-23,David,North,7019.59,20,Furniture,1140.62,1258.63,Returning,0.26,Bank Transfer,Online,North-David,22812.399999999998,-15792.809999999998,-224.98194338985607,2023,1,January,1
1047,2023-06-09,David,East,3746.64,18,Clothing,560.92,1024.31,Returning,0.26,Cash,Online,East-David,10096.56,-6349.92,-169.48305681890977,2023,6,June,2
1049,2023-12-29,Charlie,South,4380.23,38,Food,2945.92,3381.2200000000003,Returning,0.23,Cash,Retail,South-Charlie,111944.96,-107564.73000000001,-2455.686801834607,2023,12,December,4
1014,2023-06-07,Alice,North,408.38,3,Electronics,2468.29,2723.13,Returning,0.08,Cash,Retail,North-Alice,7404.87,-6996.49,-1713.2303246975855,2023,6,June,2
1015,2023-02-08,Charlie,East,2669.81,23,Electronics,2644.77,2684.83,New,0.24,Cash,Online,East-Charlie,60829.71,-58159.9,-2178.4284274910947,2023,2,February,1
1031,2023-03-23,Eve,East,433.4,32,Clothing,3351.33,3711.47,New,0.16,Cash,Retail,East-Eve,107242.56,-106809.16,-24644.476234425474,2023,3,March,1
1001,2023-12-22,David,West,8803.94,45,Clothing,1372.36,1687.83,New,0.02,Credit Card,Online,West-David,61756.2,-52952.259999999995,-601.4609368078382,2023,12,December,4
1054,2023-09-15,Bob,South,2509.63,16,Electronics,4557.79,5043.36,Returning,0.14,Credit Card,Retail,South-Bob,72924.64,-70415.01,-2805.792487338771,2023,9,September,3
1003,2023-07-25,Eve,West,5617.64,5,Food,2206.58,2490.47,New,0.28,Cash,Online,West-Eve,11032.9,-5415.259999999999,-96.39741955696697,2023,7,July,3
1016,2023-03-18,David,South,485.9,4,Food,688.98,863.8100000000001,New,0.27,Credit Card,Retail,South-David,2755.92,-2270.02,-467.17843177608563,2023,3,March,1
1087,2023-01-12,Charlie,North,6701.79,21,Food,3724.38,3988.7,New,0.03,Bank Transfer,Retail,North-Charlie,78211.98,-71510.19,-1067.03119614312,2023,1,January,1
1057,2023-10-22,Eve,South,3297.97,40,Clothing,3233.37,3723.21,New,0.22,Bank Transfer,Retail,South-Eve,129334.79999999999,-126036.82999999999,-3821.6487718202407,2023,10,October,4
1075,2023-08-12,David,East,8989.4,14,Furniture,1612.93,1964.15,Returning,0.24,Bank Transfer,Retail,East-David,22581.02,-13591.62,-151.19607537766703,2023,8,August,3
1012,2023-01-13,Alice,East,8892.37,39,Furniture,3126.52,3465.79,New,0.08,Cash,Online,East-Alice,121934.28,-113041.91,-1271.2236445402068,2023,1,January,1
1074,2023-02-15,Alice,South,3320.38,31,Furniture,1138.32,1266.25,Returning,0.14,Cash,Retail,South-Alice,35287.92,-31967.539999999997,-962.7675145615863,2023,2,February,1
1096,2023-06-04,Bob,South,9019.51,14,Furniture,2251.95,2626.32,Returning,0.21,Credit Card,Online,South-Bob,31527.299999999996,-22507.789999999994,-249.5455961576626,2023,6,June,2
1016,2023-04-23,David,South,9961.96,6,Furniture,4502.09,4879.72,New,0.13,Credit Card,Online,South-David,27012.54,-17050.58,-171.1568807744661,2023,4,April,2
1072,2023-08-21,Alice,West,8271.62,12,Clothing,710.99,876.46,Returning,0.03,Credit Card,Online,West-Alice,8531.880000000001,-260.2600000000002,-3.1464211363674854,2023,8,August,3
1076,2023-01-17,Charlie,South,8464.23,16,Clothing,1964.15,2211.17,Returning,0.21,Bank Transfer,Online,South-Charlie,31426.4,-22962.170000000002,-271.2848067691923,2023,1,January,1
1024,2023-12-26,David,North,2565.19,17,Furniture,4114.66,4269.02,Returning,0.27,Bank Transfer,Retail,North-David,69949.22,-67384.03,-2626.863117351931,2023,12,December,4
1028,2023-08-11,Charlie,West,5809.35,45,Clothing,4848.98,4985.75,Returning,0.2,Bank Transfer,Online,West-Charlie,218204.09999999998,-212394.74999999997,-3656.0845877766005,2023,8,August,3
1008,2023-12-20,Charlie,West,765.83,23,Clothing,2296.93,2319.62,Returning,0.23,Bank Transfer,Retail,West-Charlie,52829.39,-52063.56,-6798.318164605722,2023,12,December,4
1092,2023-07-07,Alice,South,1039.69,14,Furniture,2559.65,2709.4,Returning,0.11,Credit Card,Retail,South-Alice,35835.1,-34795.409999999996,-3346.710077042195,2023,7,July,3
1036,2023-12-10,David,North,9989.04,7,Food,2882.25,3163.7,Returning,0.05,Cash,Retail,North-David,20175.75,-10186.71,-101.9788688402489,2023,12,December,4
1090,2023-12-31,Eve,West,3333.73,46,Clothing,4665.12,4675.9,New,0.19,Cash,Retail,West-Eve,214595.52,-211261.78999999998,-6337.099585149367,2023,12,December,4
1008,2023-06-12,Alice,East,7507.02,32,Food,4298.12,4446.9,New,0.1,Bank Transfer,Online,East-Alice,137539.84,-130032.81999999999,-1732.1496412691051,2023,6,June,2
1058,2023-11-22,Alice,West,8085.98,15,Clothing,894.48,1336.37,Returning,0.26,Cash,Retail,West-Alice,13417.2,-5331.220000000001,-65.93164959596736,2023,11,November,4
1060,2023-03-15,David,South,8594.43,44,Clothing,2211.95,2512.84,Returning,0.04,Cash,Online,South-David,97325.79999999999,-88731.37,-1032.428793997973,2023,3,March,1
1050,2023-08-21,David,North,9976.52,17,Furniture,2346.8,2654.65,New,0.13,Cash,Retail,North-David,39895.600000000006,-29919.080000000005,-299.89495335046695,2023,8,August,3
1028,2023-08-12,Charlie,South,2490.82,41,Clothing,3956.03,4163.68,New,0.12,Bank Transfer,Retail,South-Charlie,162197.23,-159706.41,-6411.8005315518585,2023,8,August,3
1092,2023-11-15,David,East,499.47,47,Electronics,3034.32,3375.79,New,0.28,Credit Card,Online,East-David,142613.04,-142113.57,-28452.87404648928,2023,11,November,4
1041,2023-03-01,Charlie,East,4170.8,44,Electronics,3288.39,3391.46,New,0.05,Credit Card,Retail,East-Charlie,144689.16,-140518.36000000002,-3369.098494293661,2023,3,March,1
1100,2023-12-01,Alice,East,1387.8,34,Furniture,4991.09,5402.28,Returning,0.0,Cash,Retail,East-Alice,169697.06,-168309.26,-12127.774895518087,2023,12,December,4
1064,2023-08-10,Bob,South,322.02,5,Food,421.05,488.23,Returning,0.07,Credit Card,Retail,South-Bob,2105.25,-1783.23,-553.7637413825229,2023,8,August,3
1027,2023-02-06,Eve,West,3668.23,45,Food,1153.9,1485.34,New,0.25,Credit Card,Retail,West-Eve,51925.50000000001,-48257.270000000004,-1315.5464624628228,2023,2,February,1
1063,2023-10-05,Alice,South,7859.01,27,Food,2069.08,2246.24,New,0.06,Bank Transfer,Retail,South-Alice,55865.159999999996,-48006.149999999994,-610.8422053159367,2023,10,October,4
1017,2023-07-15,David,North,5705.19,23,Electronics,1771.52,2147.8,New,0.07,Bank Transfer,Online,North-David,40744.96,-35039.77,-614.1735858052054,2023,7,July,3
1073,2023-12-18,Eve,West,3196.5,40,Food,157.15,436.53,New,0.04,Cash,Retail,West-Eve,6286.0,-3089.5,-96.65258876896605,2023,12,December,4
1033,2023-08-30,Bob,East,6577.99,14,Food,504.3,735.95,Returning,0.21,Cash,Retail,East-Bob,7060.2,-482.21000000000004,-7.330658757462387,2023,8,August,3
1084,2023-11-20,Bob,South,2396.98,15,Furniture,3420.72,3513.74,New,0.02,Cash,Online,South-Bob,51310.799999999996,-48913.81999999999,-2040.6436432510905,2023,11,November,4
1077,2023-08-07,Charlie,East,242.38,43,Food,4402.66,4724.7,New,0.1,Bank Transfer,Retail,East-Charlie,189314.38,-189072.0,-78006.43617460187,2023,8,August,3
1092,2023-07-11,Eve,East,7667.1,33,Electronics,2595.42,3083.06,New,0.08,Credit Card,Online,East-Eve,85648.86,-77981.76,-1017.0959032750321,2023,7,July,3
1029,2023-01-17,Charlie,North,6275.06,31,Electronics,2719.0,3133.55,Returning,0.17,Bank Transfer,Retail,North-Charlie,84289.0,-78013.94,-1243.2381523045199,2023,1,January,1
1013,2023-01-12,Alice,West,7646.8,35,Electronics,1312.71,1352.11,Returning,0.22,Bank Transfer,Retail,West-Alice,45944.85,-38298.049999999996,-500.8376052727938,2023,1,January,1
1046,2023-07-12,Eve,North,485.49,17,Furniture,3850.99,4045.34,Returning,0.16,Credit Card,Online,North-Eve,65466.829999999994,-64981.34,-13384.691754722033,2023,7,July,3
1035,2023-01-22,Alice,North,8387.48,28,Furniture,3771.38,4234.92,New,0.28,Credit Card,Retail,North-Alice,105598.64,-97211.16,-1159.0031809315792,2023,1,January,1
1006,2023-04-30,Charlie,North,6233.31,19,Clothing,2962.41,3218.9,New,0.29,Cash,Retail,North-Charlie,56285.78999999999,-50052.479999999996,-802.9839683891863,2023,4,April,2
1082,2023-07-29,Eve,East,5677.61,46,Food,1102.69,1437.12,New,0.11,Credit Card,Online,East-Eve,50723.740000000005,-45046.130000000005,-793.3995114141338,2023,7,July,3
1069,2023-11-02,Charlie,North,6283.68,23,Furniture,530.24,987.41,Returning,0.23,Credit Card,Online,North-Charlie,12195.52,-5911.84,-94.08244850151503,2023,11,November,4
1047,2023-09-27,Eve,North,8657.89,32,Electronics,367.98,806.1400000000001,Returning,0.22,Credit Card,Retail,North-Eve,11775.36,-3117.470000000001,-36.0072719796625,2023,9,September,3
1025,2023-07-11,Charlie,West,5910.67,40,Electronics,2983.85,3239.74,New,0.27,Credit Card,Online,West-Charlie,119354.0,-113443.33,-1919.2973047048813,2023,7,July,3
1066,2023-06-24,Bob,West,5851.41,13,Furniture,4133.92,4358.37,New,0.13,Cash,Retail,West-Bob,53740.96,-47889.55,-818.4275243061074,2023,6,June,2
1010,2023-10-12,Charlie,North,9907.72,20,Furniture,4298.74,4475.19,Returning,0.16,Cash,Online,North-Charlie,85974.79999999999,-76067.07999999999,-767.7556491301732,2023,10,October,4
1056,2023-07-23,Bob,West,7591.63,35,Furniture,2344.93,2707.25,New,0.12,Credit Card,Retail,West-Bob,82072.54999999999,-74480.91999999998,-981.0925980323065,2023,7,July,3
1030,2023-06-13,Charlie,West,4478.71,5,Clothing,3932.14,4082.76,New,0.26,Credit Card,Online,West-Charlie,19660.7,-15181.990000000002,-338.9813138158086,2023,6,June,2
1005,2023-09-08,Eve,North,7103.23,9,Electronics,4737.06,4869.5,New,0.07,Cash,Online,North-Eve,42633.54,-35530.31,-500.199345931358,2023,9,September,3
1033,2023-08-15,Eve,East,3953.38,29,Clothing,1412.09,1596.65,Returning,0.07,Cash,Online,East-Eve,40950.61,-36997.23,-935.8379412047412,2023,8,August,3
1065,2023-01-07,Eve,North,2365.87,6,Clothing,2019.9,2116.74,New,0.11,Credit Card,Online,North-Eve,12119.400000000001,-9753.530000000002,-412.2597606800037,2023,1,January,1
1018,2023-01-29,David,West,6008.83,25,Food,4660.82,5011.429999999999,New,0.07,Bank Transfer,Online,West-David,116520.5,-110511.67,-1839.1545442290762,2023,1,January,1
1096,2023-02-02,Alice,East,9289.0,31,Electronics,1724.24,2036.2,New,0.17,Cash,Online,East-Alice,53451.44,-44162.44,-475.42727957799553,2023,2,February,1
1049,2023-05-14,Eve,South,9298.48,22,Electronics,4573.69,4820.299999999999,New,0.04,Cash,Online,South-Eve,100621.18,-91322.7,-982.1250354896714,2023,5,May,2
1011,2023-03-20,Bob,East,3484.86,2,Furniture,4906.17,5107.43,Returning,0.1,Cash,Online,East-Bob,9812.34,-6327.48,-181.57056524508874,2023,3,March,1
1085,2023-02-27,Eve,West,5324.01,45,Furniture,3325.96,3781.4,Returning,0.27,Credit Card,Online,West-Eve,149668.2,-144344.19,-2711.1930668800396,2023,2,February,1
1026,2023-01-26,David,East,2195.2,5,Food,4093.61,4117.88,Returning,0.12,Credit Card,Retail,East-David,20468.05,-18272.85,-832.4002368804665,2023,1,January,1
1063,2023-08-14,Bob,North,9956.75,27,Clothing,3760.25,4147.11,New,0.22,Cash,Online,North-Bob,101526.75,-91570.0,-919.677605644412,2023,8,August,3
1089,2023-10-12,David,South,9813.07,25,Furniture,3512.69,3964.63,Returning,0.03,Credit Card,Retail,South-David,87817.25,-78004.18,-794.9008821907923,2023,10,October,4
1086,2023-01-04,Bob,South,6530.14,8,Furniture,1569.31,1798.02,New,0.07,Credit Card,Online,South-Bob,12554.48,-6024.339999999999,-92.25437739466533,2023,1,January,1
1059,2023-04-09,Charlie,South,8063.7,1,Electronics,332.62,612.46,Returning,0.24,Cash,Retail,South-Charlie,332.62,7731.08,95.87509455956943,2023,4,April,2
1027,2023-02-08,Alice,West,7179.49,20,Electronics,1748.11,2220.9,New,0.23,Credit Card,Retail,West-Alice,34962.2,-27782.71,-386.9733086890573,2023,2,February,1
1049,2023-09-28,Alice,West,5972.27,44,Furniture,3351.33,3465.35,Returning,0.12,Bank Transfer,Online,West-Alice,147458.52,-141486.25,-2369.0531405981305,2023,9,September,3
1077,2023-10-12,David,South,628.15,23,Electronics,557.52,822.39,Returning,0.29,Credit Card,Online,South-David,12822.96,-12194.81,-1941.3850195017114,2023,10,October,4
1033,2023-06-06,Alice,East,4602.17,32,Food,108.99,351.6,Returning,0.27,Credit Card,Retail,East-Alice,3487.68,1114.4900000000002,24.216619551211714,2023,6,June,2
1098,2023-03-16,David,South,6780.38,11,Furniture,741.48,878.09,New,0.29,Cash,Retail,South-David,8156.280000000001,-1375.9000000000005,-20.292372993844012,2023,3,March,1
1099,2023-10-15,David,East,6807.56,39,Electronics,3592.89,4004.0,New,0.13,Cash,Online,East-David,140122.71,-133315.15,-1958.3396988054456,2023,10,October,4
1001,2023-05-10,David,East,3793.91,47,Food,4865.33,5316.13,New,0.06,Bank Transfer,Online,East-David,228670.51,-224876.6,-5927.304548605529,2023,5,May,2
1021,2023-06-24,Alice,West,9422.75,24,Electronics,4916.17,5309.32,Returning,0.19,Credit Card,Online,West-Alice,117988.08,-108565.33,-1152.1618423496327,2023,6,June,2
1055,2023-03-25,David,East,1756.83,11,Electronics,2495.2,2600.93,New,0.21,Bank Transfer,Retail,East-David,27447.199999999997,-25690.369999999995,-1462.3139404495594,2023,3,March,1
1006,2023-01-22,Alice,South,5053.56,29,Electronics,4353.29,4405.8,New,0.04,Bank Transfer,Online,South-Alice,126245.41,-121191.85,-2398.1480382146447,2023,1,January,1
1092,2023-01-27,David,West,6939.75,26,Furniture,3697.29,4003.96,New,0.24,Cash,Online,West-David,96129.54,-89189.79,-1285.201772398141,2023,1,January,1
1081,2023-07-14,Eve,North,7001.64,16,Clothing,2530.15,2568.13,New,0.01,Credit Card,Online,North-Eve,40482.4,-33480.76,-478.18453962214573,2023,7,July,3
1069,2023-12-03,David,North,6521.53,35,Electronics,2885.16,3224.84,New,0.14,Cash,Online,North-David,100980.59999999999,-94459.06999999999,-1448.4188526312075,2023,12,December,4
1095,2023-08-24,Bob,West,2825.35,20,Food,729.27,999.18,New,0.1,Bank Transfer,Online,West-Bob,14585.4,-11760.05,-416.23338701399825,2023,8,August,3
1005,2023-04-02,David,South,1646.45,46,Furniture,4691.42,5026.1900000000005,Returning,0.22,Bank Transfer,Retail,South-David,215805.32,-214158.87,-13007.310880986364,2023,4,April,2
1003,2023-01-21,Charlie,North,6395.81,3,Furniture,1792.05,2091.23,Returning,0.09,Cash,Retail,North-Charlie,5376.15,1019.6600000000008,15.942624937263625,2023,1,January,1
1053,2023-10-30,David,North,6033.09,1,Food,2258.44,2475.56,New,0.25,Cash,Online,North-David,2258.44,3774.65,62.565783039868464,2023,10,October,4
1023,2023-12-23,Bob,East,1875.62,47,Electronics,3374.72,3483.15,Returning,0.18,Cash,Online,East-Bob,158611.84,-156736.22,-8356.501850054916,2023,12,December,4
1053,2023-03-25,Bob,East,7080.88,1,Clothing,1702.82,1862.61,Returning,0.24,Cash,Retail,East-Bob,1702.82,5378.06,75.95185909096045,2023,3,March,1
1037,2023-09-19,Alice,South,4606.2,17,Electronics,1308.58,1575.59,New,0.3,Cash,Online,South-Alice,22245.86,-17639.66,-382.9547132126265,2023,9,September,3
1074,2023-05-27,Eve,West,6710.83,2,Food,3173.69,3503.11,New,0.2,Bank Transfer,Retail,West-Eve,6347.38,363.4499999999998,5.415872552277436,2023,5,May,2
1074,2023-09-14,David,South,8389.93,29,Furniture,173.67,565.62,Returning,0.3,Cash,Online,South-David,5036.429999999999,3353.500000000001,39.97053610697587,2023,9,September,3
1083,2023-02-27,Alice,West,1780.31,20,Clothing,3617.59,4003.5,New,0.01,Credit Card,Retail,West-Alice,72351.8,-70571.49,-3964.000089871989,2023,2,February,1
1017,2023-01-15,Eve,North,289.53,6,Furniture,2594.42,3081.04,Returning,0.1,Bank Transfer,Retail,North-Eve,15566.52,-15276.99,-5276.479121334577,2023,1,January,1
1085,2023-06-11,David,East,7813.12,8,Food,3048.48,3198.54,Returning,0.03,Bank Transfer,Online,East-David,24387.84,-16574.72,-212.13958060288337,2023,6,June,2
1078,2023-06-12,Charlie,South,6136.0,29,Electronics,3177.81,3222.65,Returning,0.08,Credit Card,Retail,South-Charlie,92156.49,-86020.49,-1401.8984680573665,2023,6,June,2
1073,2023-11-16,David,South,7026.43,48,Clothing,2658.9,2838.27,New,0.25,Credit Card,Online,South-David,127627.20000000001,-120600.77000000002,-1716.3875538502484,2023,11,November,4
1001,2023-10-08,Bob,West,8397.73,33,Furniture,2933.54,3307.75,Returning,0.01,Bank Transfer,Retail,West-Bob,96806.81999999999,-88409.09,-1052.773666216942,2023,10,October,4
1051,2023-10-07,Bob,West,8047.83,3,Furniture,3434.75,3659.42,New,0.16,Cash,Online,West-Bob,10304.25,-2256.42,-28.037620078952962,2023,10,October,4
1045,2023-01-12,Charlie,South,9613.11,35,Furniture,3777.94,4188.66,New,0.17,Bank Transfer,Online,South-Charlie,132227.9,-122614.79,-1275.4955472266518,2023,1,January,1
1077,2023-10-01,Alice,West,5405.76,5,Electronics,3650.89,3930.06,New,0.17,Bank Transfer,Online,West-Alice,18254.45,-12848.69,-237.68517285266086,2023,10,October,4
1004,2023-09-28,Eve,South,4936.11,27,Clothing,4354.6,4820.200000000001,New,0.14,Credit Card,Retail,South-Eve,117574.20000000001,-112638.09000000001,-2281.920176009044,2023,9,September,3
1062,2023-07-27,David,South,4078.68,44,Electronics,987.74,1462.19,New,0.24,Bank Transfer,Online,South-David,43460.56,-39381.88,-965.5545421557955,2023,7,July,3
1065,2023-01-27,Bob,South,1621.54,12,Electronics,2035.68,2079.64,Returning,0.04,Cash,Online,South-Bob,24428.16,-22806.62,-1406.479026110981,2023,1,January,1
1032,2023-03-13,Alice,North,5768.81,20,Electronics,4741.59,4975.2300000000005,New,0.09,Credit Card,Online,North-Alice,94831.8,-89062.99,-1543.8710929983827,2023,3,March,1
1034,2023-03-01,Charlie,West,2842.42,45,Food,2013.12,2321.87,New,0.18,Bank Transfer,Retail,West-Charlie,90590.4,-87747.98,-3087.0870596182126,2023,3,March,1
1092,2023-05-25,Bob,East,9220.94,20,Food,668.11,803.49,New,0.21,Bank Transfer,Online,East-Bob,13362.2,-4141.26,-44.9114732337484,2023,5,May,2
1095,2023-04-03,Charlie,East,5873.59,9,Food,2650.95,2860.42,New,0.12,Cash,Retail,East-Charlie,23858.55,-17984.96,-306.20046683544473,2023,4,April,2
1072,2023-11-05,David,West,5969.12,39,Clothing,591.98,934.04,New,0.26,Bank Transfer,Retail,West-David,23087.22,-17118.100000000002,-286.7776154609055,2023,11,November,4
1039,2023-01-08,Eve,South,3613.75,4,Electronics,1054.12,1175.2199999999998,Returning,0.12,Bank Transfer,Retail,South-Eve,4216.48,-602.7299999999996,-16.67879626426841,2023,1,January,1
1026,2023-03-20,Bob,East,614.69,19,Electronics,4991.68,5296.650000000001,New,0.12,Bank Transfer,Online,East-Bob,94841.92000000001,-94227.23000000001,-15329.227740812443,2023,3,March,1
1034,2023-01-27,Bob,East,414.26,38,Food,2729.75,3081.5,New,0.01,Bank Transfer,Online,East-Bob,103730.5,-103316.24,-24939.95075556414,2023,1,January,1
1054,2023-06-23,David,West,4291.02,27,Electronics,1456.09,1510.4299999999998,Returning,0.17,Cash,Retail,West-David,39314.43,-35023.41,-816.2024413775745,2023,6,June,2
1003,2023-02-19,Alice,East,937.2,45,Electronics,4974.14,5227.93,New,0.21,Bank Transfer,Online,East-Alice,223836.30000000002,-222899.1,-23783.514724711906,2023,2,February,1
1050,2023-07-18,Eve,South,6107.78,43,Furniture,4834.47,4973.38,Returning,0.03,Bank Transfer,Online,South-Eve,207882.21000000002,-201774.43000000002,-3303.56414278183,2023,7,July,3
1012,2023-12-15,Bob,West,8821.63,13,Electronics,2231.66,2596.61,Returning,0.09,Bank Transfer,Retail,West-Bob,29011.579999999998,-20189.949999999997,-228.86870113573116,2023,12,December,4
1065,2023-06-30,Eve,South,8840.86,13,Furniture,1339.0,1441.88,Returning,0.23,Credit Card,Retail,South-Eve,17407.0,-8566.14,-96.89260999495522,2023,6,June,2
1054,2023-01-24,Bob,East,6624.55,22,Electronics,4200.08,4647.28,Returning,0.11,Cash,Online,East-Bob,92401.76,-85777.20999999999,-1294.8382909027782,2023,1,January,1
1005,2023-11-12,Eve,East,2191.2,28,Clothing,3592.32,3813.48,New,0.07,Credit Card,Retail,East-Eve,100584.96,-98393.76000000001,-4490.4052573932095,2023,11,November,4
1094,2023-02-15,Charlie,South,8643.67,47,Food,3450.36,3557.38,New,0.2,Credit Card,Online,South-Charlie,162166.92,-153523.25,-1776.1350213508845,2023,2,February,1
1094,2023-01-15,Bob,North,8872.33,45,Furniture,4470.91,4695.54,Returning,0.06,Cash,Retail,North-Bob,201190.94999999998,-192318.62,-2167.6224847362528,2023,1,January,1
1057,2023-06-02,Eve,East,2046.87,22,Food,3462.61,3672.89,Returning,0.27,Credit Card,Online,East-Eve,76177.42,-74130.55,-3621.654037628184,2023,6,June,2
1017,2023-08-10,Alice,North,7400.52,43,Furniture,1454.8,1674.97,New,0.03,Credit Card,Online,North-Alice,62556.4,-55155.880000000005,-745.2973574829878,2023,8,August,3
1047,2023-07-25,Charlie,East,2936.54,19,Furniture,3484.62,3781.55,Returning,0.21,Credit Card,Retail,East-Charlie,66207.78,-63271.24,-2154.6187009201303,2023,7,July,3
1023,2023-09-30,Charlie,North,8046.14,8,Furniture,1563.78,1829.16,Returning,0.15,Cash,Online,North-Charlie,12510.24,-4464.099999999999,-55.48126182243907,2023,9,September,3
1079,2023-08-24,Alice,North,9972.66,8,Clothing,3808.23,3891.62,Returning,0.26,Bank Transfer,Online,North-Alice,30465.84,-20493.18,-205.49361955586573,2023,8,August,3
1085,2023-12-06,Eve,North,397.26,42,Electronics,3117.75,3159.88,New,0.04,Cash,Retail,North-Eve,130945.5,-130548.24,-32862.16583597644,2023,12,December,4
1014,2023-08-16,David,South,8983.92,26,Furniture,433.19,800.6,Returning,0.2,Cash,Online,South-David,11262.94,-2279.0200000000004,-25.367768190277744,2023,8,August,3
1066,2023-01-09,Alice,North,6264.04,48,Clothing,2588.54,2872.8,New,0.17,Cash,Online,North-Alice,124249.92,-117985.88,-1883.5428892535808,2023,1,January,1
1075,2023-06-15,Eve,North,9736.49,26,Furniture,1749.34,1935.25,New,0.14,Credit Card,Online,North-Eve,45482.84,-35746.35,-367.1379521778382,2023,6,June,2
1051,2023-11-15,Alice,North,4703.59,23,Electronics,1676.42,2082.52,New,0.15,Bank Transfer,Retail,North-Alice,38557.66,-33854.07000000001,-719.7495955217187,2023,11,November,4
1038,2023-08-02,Alice,East,8489.14,43,Furniture,3031.17,3231.32,Returning,0.22,Cash,Retail,East-Alice,130340.31,-121851.17,-1435.377081777424,2023,8,August,3
1064,2023-04-27,Bob,North,717.7,13,Clothing,1645.51,2045.53,Returning,0.28,Cash,Retail,North-Bob,21391.63,-20673.93,-2880.5810227114393,2023,4,April,2
1098,2023-12-10,Eve,East,3419.26,28,Electronics,3895.62,4055.44,New,0.03,Bank Transfer,Retail,East-Eve,109077.36,-105658.1,-3090.08674391535,2023,12,December,4
1038,2023-03-13,David,North,763.46,9,Clothing,400.42,446.11,New,0.01,Bank Transfer,Retail,North-David,3603.78,-2840.32,-372.0325884787677,2023,3,March,1
1050,2023-03-05,Bob,North,9755.9,20,Electronics,3318.92,3785.91,New,0.24,Bank Transfer,Online,North-Bob,66378.4,-56622.49999999999,-580.3923779456534,2023,3,March,1
1098,2023-07-24,Alice,South,8188.04,19,Electronics,4055.51,4258.84,Returning,0.03,Credit Card,Online,South-Alice,77054.69,-68866.65000000001,-841.063917616426,2023,7,July,3
1082,2023-07-28,Alice,East,8540.22,48,Food,3380.52,3778.94,Returning,0.3,Bank Transfer,Online,East-Alice,162264.96,-153724.74,-1800.0091332541786,2023,7,July,3
1030,2023-03-13,Alice,North,9385.86,39,Food,2511.28,2658.0600000000004,New,0.19,Credit Card,Retail,North-Alice,97939.92000000001,-88554.06000000001,-943.4837084721061,2023,3,March,1
1079,2023-10-04,Eve,East,942.52,12,Food,4754.02,5080.740000000001,New,0.2,Cash,Online,East-Eve,57048.240000000005,-56105.72000000001,-5952.735220472776,2023,10,October,4
1091,2023-10-01,Eve,East,3917.42,15,Electronics,1534.7,1972.62,Returning,0.06,Credit Card,Retail,East-Eve,23020.5,-19103.08,-487.6444190308928,2023,10,October,4
1051,2023-11-16,Bob,West,803.25,31,Furniture,144.88,175.29,New,0.07,Bank Transfer,Online,West-Bob,4491.28,-3688.0299999999997,-459.1384998443822,2023,11,November,4
1063,2023-12-04,David,South,2186.85,14,Clothing,2188.35,2605.36,Returning,0.2,Credit Card,Retail,South-David,30636.899999999998,-28450.05,-1300.9602853419303,2023,12,December,4
1098,2024-01-01,Bob,South,2370.72,11,Clothing,213.41,503.36,Returning,0.27,Bank Transfer,Online,South-Bob,2347.5099999999998,23.210000000000036,0.9790274684484055,2024,1,January,1
1052,2023-04-05,Charlie,South,4744.16,26,Clothing,4771.99,5079.65,New,0.29,Credit Card,Online,South-Charlie,124071.73999999999,-119327.57999999999,-2515.2520151091026,2023,4,April,2
1038,2023-06-15,Alice,West,2758.77,42,Food,1089.09,1355.44,New,0.06,Cash,Retail,West-Alice,45741.78,-42983.01,-1558.0497830554923,2023,6,June,2
1097,2023-02-01,Alice,West,1099.68,27,Electronics,3955.19,4393.68,Returning,0.04,Credit Card,Online,West-Alice,106790.13,-105690.45000000001,-9611.018659973812,2023,2,February,1
1088,2023-01-11,Alice,South,1758.16,11,Food,3884.13,3915.41,Returning,0.02,Cash,Online,South-Alice,42725.43,-40967.27,-2330.1218319151835,2023,1,January,1
1079,2023-10-28,Bob,West,1558.03,38,Furniture,1127.76,1265.66,Returning,0.26,Bank Transfer,Retail,West-Bob,42854.88,-41296.85,-2650.5811826473173,2023,10,October,4
1030,2023-08-05,Bob,West,9733.46,34,Electronics,3125.07,3564.19,Returning,0.09,Cash,Online,West-Bob,106252.38,-96518.92000000001,-991.6198350843382,2023,8,August,3
1051,2023-10-16,Alice,West,7617.0,43,Clothing,287.99,666.64,Returning,0.0,Bank Transfer,Online,West-Alice,12383.57,-4766.57,-62.57804910069581,2023,10,October,4
1081,2023-04-12,Bob,South,9680.84,19,Food,2443.69,2462.34,New,0.07,Bank Transfer,Retail,South-Bob,46430.11,-36749.270000000004,-379.6082777940758,2023,4,April,2
1005,2023-09-24,Eve,South,4453.43,6,Food,122.5,385.83,Returning,0.1,Cash,Retail,South-Eve,735.0,3718.4300000000003,83.4958672304269,2023,9,September,3
1029,2023-08-02,Eve,South,2855.85,46,Furniture,4609.66,4879.15,Returning,0.3,Cash,Retail,South-Eve,212044.36,-209188.50999999998,-7324.912372848714,2023,8,August,3
1004,2023-06-28,Bob,West,8003.1,38,Furniture,4881.63,5088.06,Returning,0.16,Credit Card,Retail,West-Bob,185501.94,-177498.84,-2217.876073021704,2023,6,June,2
1010,2023-03-29,Alice,South,3329.91,49,Food,1150.3,1306.02,New,0.06,Credit Card,Retail,South-Alice,56364.7,-53034.78999999999,-1592.6793817250316,2023,3,March,1
1056,2023-02-10,Bob,West,3063.9,42,Furniture,1080.12,1424.1699999999998,New,0.1,Cash,Online,West-Bob,45365.03999999999,-42301.13999999999,-1380.630568882796,2023,2,February,1
1017,2023-03-17,Bob,North,2401.81,28,Clothing,3780.91,3892.73,Returning,0.1,Cash,Retail,North-Bob,105865.48,-103463.67,-4307.737497970281,2023,3,March,1
1074,2023-02-15,Bob,West,1383.82,1,Furniture,1304.23,1705.71,Returning,0.01,Cash,Retail,West-Bob,1304.23,79.58999999999992,5.751470566981249,2023,2,February,1
1017,2023-06-09,Charlie,East,2638.98,35,Furniture,4480.63,4884.12,New,0.04,Cash,Online,East-Charlie,156822.05000000002,-154183.07,-5842.5251422898245,2023,6,June,2
1084,2023-03-21,Eve,South,3617.67,40,Food,2890.95,3104.43,New,0.21,Bank Transfer,Online,South-Eve,115638.0,-112020.33,-3096.477290631816,2023,3,March,1
1088,2023-11-06,David,South,6772.54,8,Food,1786.35,1935.29,New,0.04,Cash,Online,South-David,14290.8,-7518.259999999999,-111.0109353359301,2023,11,November,4
1069,2023-03-27,David,East,719.39,47,Electronics,4171.83,4320.93,New,0.07,Cash,Online,East-David,196076.01,-195356.62,-27155.87094621832,2023,3,March,1
1034,2023-04-02,Charlie,West,2184.02,7,Electronics,2492.36,2738.6800000000003,Returning,0.11,Cash,Online,West-Charlie,17446.52,-15262.5,-698.8260180767576,2023,4,April,2
1006,2023-05-28,Bob,North,8109.33,11,Food,4562.58,4925.17,New,0.23,Cash,Retail,North-Bob,50188.38,-42079.049999999996,-518.8967522594345,2023,5,May,2
1053,2023-06-10,Charlie,East,1554.53,39,Furniture,4643.67,4829.52,Returning,0.17,Bank Transfer,Online,East-Charlie,181103.13,-179548.6,-11550.024766328088,2023,6,June,2
1066,2023-07-21,Charlie,East,3492.19,4,Furniture,868.83,1177.75,Returning,0.21,Credit Card,Retail,East-Charlie,3475.32,16.86999999999989,0.4830779539486652,2023,7,July,3
1077,2023-08-30,Alice,West,8660.12,25,Electronics,61.5,258.92,New,0.17,Credit Card,Online,West-Alice,1537.5,7122.620000000001,82.24620444058513,2023,8,August,3
1043,2023-12-19,Eve,South,1633.76,12,Electronics,4920.46,5079.68,New,0.21,Credit Card,Retail,South-Eve,59045.520000000004,-57411.76,-3514.0877485065125,2023,12,December,4
1075,2023-01-02,David,West,919.09,26,Electronics,4535.38,4557.56,New,0.0,Credit Card,Online,West-David,117919.88,-117000.79000000001,-12730.068872471686,2023,1,January,1
1023,2023-08-13,Bob,East,4896.93,38,Clothing,324.45,336.37,New,0.28,Credit Card,Retail,East-Bob,12329.1,-7432.17,-151.77202859750903,2023,8,August,3
1055,2023-10-16,David,East,3093.95,46,Clothing,4173.52,4294.85,Returning,0.03,Bank Transfer,Retail,East-David,191981.92,-188887.97,-6105.075065854329,2023,10,October,4
1080,2023-08-21,David,South,5677.74,12,Electronics,2316.13,2525.27,Returning,0.12,Credit Card,Retail,South-David,27793.56,-22115.82,-389.51801244861514,2023,8,August,3
1095,2023-03-18,Eve,South,8057.67,43,Furniture,1331.86,1758.98,Returning,0.23,Bank Transfer,Retail,South-Eve,57269.979999999996,-49212.31,-610.751122843204,2023,3,March,1
1075,2023-04-26,David,South,1457.77,37,Electronics,4399.8,4801.06,New,0.13,Bank Transfer,Retail,South-David,162792.6,-161334.83000000002,-11067.234886161741,2023,4,April,2
1016,2023-06-03,David,West,5848.92,46,Clothing,1023.5,1164.41,Returning,0.28,Credit Card,Retail,West-David,47081.0,-41232.08,-704.9520253311723,2023,6,June,2
1008,2023-04-13,Charlie,South,5104.54,24,Furniture,4739.13,4868.95,New,0.14,Credit Card,Retail,South-Charlie,113739.12,-108634.58,-2128.195292817766,2023,4,April,2
1004,2023-07-13,Eve,East,1526.38,16,Clothing,1067.83,1189.22,Returning,0.26,Credit Card,Retail,East-Eve,17085.28,-15558.899999999998,-1019.3333245980684,2023,7,July,3
1004,2023-06-15,Alice,East,6277.59,13,Furniture,3087.73,3263.96,New,0.24,Cash,Retail,East-Alice,40140.49,-33862.899999999994,-539.4251615667795,2023,6,June,2
1056,2023-12-25,Bob,North,2809.04,25,Clothing,1154.28,1408.4,Returning,0.29,Bank Transfer,Retail,North-Bob,28857.0,-26047.96,-927.2904622219692,2023,12,December,4
1025,2023-03-31,David,West,4929.56,4,Furniture,2751.06,2976.01,Returning,0.28,Credit Card,Online,West-David,11004.24,-6074.679999999999,-123.229659442222,2023,3,March,1
1067,2023-06-23,Bob,North,914.5,11,Furniture,3435.68,3552.63,New,0.27,Cash,Retail,North-Bob,37792.479999999996,-36877.979999999996,-4032.5839256424274,2023,6,June,2
1096,2023-05-02,Alice,East,4649.88,32,Furniture,991.63,1065.55,Returning,0.22,Bank Transfer,Retail,East-Alice,31732.16,-27082.28,-582.4296540986004,2023,5,May,2
1067,2023-05-23,Bob,North,3133.99,49,Furniture,2628.38,2644.54,Returning,0.11,Cash,Online,North-Bob,128790.62000000001,-125656.63,-4009.477694568267,2023,5,May,2
1027,2023-04-16,Alice,East,8241.57,7,Food,2371.85,2457.29,New,0.03,Cash,Retail,East-Alice,16602.95,-8361.380000000001,-101.45372786981125,2023,4,April,2
1093,2023-11-01,Charlie,North,664.09,46,Clothing,401.64,757.26,New,0.21,Credit Card,Retail,North-Charlie,18475.44,-17811.35,-2682.0686955081383,2023,11,November,4
1032,2023-12-26,David,South,4244.21,11,Clothing,4100.62,4230.0,New,0.29,Bank Transfer,Online,South-David,45106.82,-40862.61,-962.7848292143887,2023,12,December,4
1050,2023-11-13,Alice,North,4638.47,28,Food,1711.63,1951.24,New,0.22,Cash,Online,North-Alice,47925.64,-43287.17,-933.2208680879686,2023,11,November,4
1061,2023-05-03,Bob,South,7277.56,41,Furniture,2894.18,3193.92,New,0.28,Bank Transfer,Retail,South-Bob,118661.37999999999,-111383.81999999999,-1530.5105007722366,2023,5,May,2
1051,2023-01-09,David,South,5785.45,23,Furniture,2598.18,3042.73,Returning,0.24,Credit Card,Online,South-David,59758.14,-53972.69,-932.903922771781,2023,1,January,1
1019,2023-09-19,Charlie,West,6705.4,45,Clothing,2590.64,3036.18,New,0.05,Bank Transfer,Retail,West-Charlie,116578.79999999999,-109873.4,-1638.5808452888718,2023,9,September,3
1021,2023-03-14,David,South,7792.79,23,Food,580.75,956.16,Returning,0.07,Cash,Retail,South-David,13357.25,-5564.46,-71.40523483887029,2023,3,March,1
1005,2023-12-25,Alice,South,8635.81,28,Furniture,2146.24,2173.47,Returning,0.1,Cash,Retail,South-Alice,60094.719999999994,-51458.909999999996,-595.878209455743,2023,12,December,4
1082,2023-08-11,Charlie,North,3207.37,43,Furniture,2289.22,2581.0,New,0.05,Bank Transfer,Online,North-Charlie,98436.45999999999,-95229.09,-2969.070921034991,2023,8,August,3
1092,2023-02-10,Bob,East,5426.42,47,Furniture,3681.53,4076.96,Returning,0.17,Cash,Retail,East-Bob,173031.91,-167605.49,-3088.693650694196,2023,2,February,1
1042,2023-07-23,Charlie,West,8417.07,26,Electronics,4208.09,4226.56,Returning,0.29,Cash,Retail,West-Charlie,109410.34,-100993.26999999999,-1199.862541240598,2023,7,July,3
1061,2023-09-21,Charlie,South,9895.57,25,Food,2747.66,3027.01,New,0.23,Cash,Online,South-Charlie,68691.5,-58795.93,-594.1641562840746,2023,9,September,3
1022,2023-11-24,Eve,West,8906.24,29,Furniture,479.58,909.88,Returning,0.13,Credit Card,Retail,West-Eve,13907.82,-5001.58,-56.1581542828399,2023,11,November,4
1021,2023-06-27,Charlie,North,3777.53,19,Electronics,1222.4,1464.71,New,0.0,Credit Card,Retail,North-Charlie,23225.600000000002,-19448.070000000003,-514.8356201009655,2023,6,June,2
1070,2023-12-14,Charlie,South,2032.15,33,Food,866.42,878.43,New,0.09,Cash,Retail,South-Charlie,28591.859999999997,-26559.709999999995,-1306.9758630022386,2023,12,December,4
1001,2023-11-14,David,North,4944.99,36,Furniture,666.84,682.24,New,0.16,Bank Transfer,Retail,North-David,24006.24,-19061.25,-385.4658957854313,2023,11,November,4
1005,2023-03-25,Bob,West,7442.25,14,Clothing,1861.2,2075.35,Returning,0.1,Credit Card,Retail,West-Bob,26056.8,-18614.55,-250.119923410259,2023,3,March,1
1012,2023-11-14,David,North,4976.43,14,Electronics,1185.5,1271.45,Returning,0.03,Bank Transfer,Retail,North-David,16597.0,-11620.57,-233.51217639954746,2023,11,November,4
1090,2023-04-21,David,West,4883.49,35,Electronics,1130.6,1466.1799999999998,Returning,0.13,Cash,Online,West-David,39571.0,-34687.51,-710.3016490255944,2023,4,April,2
1046,2023-09-08,Alice,North,8398.48,30,Furniture,320.73,678.04,Returning,0.08,Cash,Retail,North-Alice,9621.900000000001,-1223.420000000002,-14.567159771768248,2023,9,September,3
1034,2023-01-07,David,West,3677.9,28,Furniture,137.47,234.63,New,0.27,Bank Transfer,Retail,West-David,3849.16,-171.25999999999976,-4.656461567742455,2023,1,January,1
1049,2023-03-25,Eve,East,8611.97,17,Electronics,558.7,1004.08,Returning,0.03,Credit Card,Online,East-Eve,9497.900000000001,-885.9300000000021,-10.287193290269267,2023,3,March,1
1078,2023-07-27,Eve,North,4127.37,3,Clothing,902.38,1128.91,New,0.01,Bank Transfer,Retail,North-Eve,2707.14,1420.23,34.41004804512316,2023,7,July,3
1090,2023-11-10,Alice,North,3349.51,16,Clothing,2183.37,2263.36,Returning,0.0,Bank Transfer,Retail,North-Alice,34933.92,-31584.409999999996,-942.9561338822692,2023,11,November,4
1045,2023-01-22,Bob,East,4594.5,46,Food,2577.08,2961.56,Returning,0.1,Cash,Online,East-Bob,118545.68,-113951.18,-2480.1649798672324,2023,1,January,1
1027,2023-01-03,Bob,East,7648.22,30,Furniture,745.93,1143.02,Returning,0.2,Credit Card,Online,East-Bob,22377.899999999998,-14729.679999999997,-192.58964831032574,2023,1,January,1
1073,2023-05-07,David,North,1347.42,29,Clothing,2152.68,2475.93,Returning,0.22,Bank Transfer,Online,North-David,62427.719999999994,-61080.299999999996,-4533.129981742885,2023,5,May,2
1026,2023-10-24,David,East,2044.55,45,Food,1741.66,2169.86,Returning,0.14,Credit Card,Online,East-David,78374.7,-76330.15,-3733.3471913134913,2023,10,October,4
1047,2023-07-07,David,South,9519.3,15,Clothing,957.95,1329.26,New,0.21,Cash,Online,South-David,14369.25,-4849.950000000001,-50.94859916170308,2023,7,July,3
1086,2023-12-28,Bob,West,1837.37,46,Furniture,83.86,526.14,Returning,0.11,Credit Card,Online,West-Bob,3857.56,-2020.19,-109.95009170716841,2023,12,December,4
1056,2023-01-14,Charlie,West,5720.5,25,Food,2361.74,2584.35,Returning,0.2,Cash,Online,West-Charlie,59043.49999999999,-53322.99999999999,-932.1387990560264,2023,1,January,1
1094,2023-01-12,Eve,West,5835.21,38,Food,3443.98,3820.3,Returning,0.01,Credit Card,Retail,West-Eve,130871.24,-125036.03,-2142.785435314239,2023,1,January,1
1063,2023-03-28,Charlie,South,4947.28,42,Food,1170.07,1669.9499999999998,Returning,0.12,Bank Transfer,Retail,South-Charlie,49142.939999999995,-44195.659999999996,-893.3324978574085,2023,3,March,1
1048,2023-01-12,Charlie,East,6482.98,47,Clothing,702.44,1067.66,New,0.24,Cash,Retail,East-Charlie,33014.68,-26531.7,-409.2516095992893,2023,1,January,1
1061,2023-01-25,Bob,East,2375.28,38,Furniture,4440.86,4506.81,Returning,0.24,Bank Transfer,Online,East-Bob,168752.68,-166377.4,-7004.538412313495,2023,1,January,1
1081,2023-10-28,Charlie,North,5571.36,23,Food,1411.37,1675.35,New,0.21,Cash,Retail,North-Charlie,32461.51,-26890.149999999998,-482.6496582522041,2023,10,October,4
1026,2023-08-31,Alice,East,3784.52,25,Electronics,1156.88,1454.68,Returning,0.06,Credit Card,Online,East-Alice,28922.000000000004,-25137.480000000003,-664.2184477820174,2023,8,August,3
1036,2023-05-02,David,North,6650.51,42,Furniture,4292.63,4387.99,New,0.07,Credit Card,Retail,North-David,180290.46,-173639.94999999998,-2610.926831175353,2023,5,May,2
1001,2023-05-27,Alice,South,1498.11,7,Electronics,4094.68,4576.5,New,0.3,Cash,Retail,South-Alice,28662.76,-27164.649999999998,-1813.2613760004272,2023,5,May,2
1008,2023-02-24,Eve,West,5751.69,22,Electronics,2269.32,2365.3500000000004,New,0.03,Cash,Retail,West-Eve,49925.04,-44173.35,-768.0064468008533,2023,2,February,1
1099,2023-08-26,David,West,1934.18,17,Food,2471.73,2568.73,New,0.05,Cash,Retail,West-David,42019.41,-40085.23,-2072.466368176695,2023,8,August,3
1052,2023-12-22,Charlie,West,2858.57,18,Food,1127.86,1586.29,New,0.04,Credit Card,Online,West-Charlie,20301.48,-17442.91,-610.1970565702431,2023,12,December,4
1079,2023-06-22,Eve,East,2265.23,49,Clothing,437.59,675.54,Returning,0.1,Cash,Online,East-Eve,21441.91,-19176.68,-846.5665738136967,2023,6,June,2
1047,2023-08-09,David,North,1910.09,41,Clothing,2888.49,2929.45,New,0.06,Cash,Retail,North-David,118428.09,-116518.0,-6100.131407420593,2023,8,August,3
1056,2023-04-29,Charlie,North,8274.54,10,Clothing,536.81,839.92,Returning,0.15,Bank Transfer,Online,North-Charlie,5368.099999999999,2906.4400000000014,35.12509456719046,2023,4,April,2
1086,2023-11-05,Alice,South,2928.5,10,Furniture,2273.91,2578.8,New,0.14,Cash,Online,South-Alice,22739.1,-19810.6,-676.4760116100392,2023,11,November,4
1014,2023-07-02,David,East,9278.53,7,Clothing,4705.46,4747.07,New,0.27,Bank Transfer,Retail,East-David,32938.22,-23659.690000000002,-254.99394839484273,2023,7,July,3
1090,2023-10-15,Charlie,South,9702.27,48,Electronics,4766.53,5253.07,Returning,0.01,Bank Transfer,Online,South-Charlie,228793.44,-219091.17,-2258.1434035540137,2023,10,October,4
1028,2023-11-03,Alice,North,5755.48,38,Clothing,1234.69,1511.26,New,0.1,Bank Transfer,Online,North-Alice,46918.22,-41162.740000000005,-715.1921299352966,2023,11,November,4
1087,2023-10-27,Eve,North,1515.71,27,Food,3139.36,3423.6600000000003,New,0.18,Credit Card,Online,North-Eve,84762.72,-83247.01,-5492.278206253174,2023,10,October,4
1078,2023-03-23,Eve,West,3808.03,33,Clothing,2396.68,2661.54,New,0.18,Bank Transfer,Online,West-Eve,79090.43999999999,-75282.40999999999,-1976.9384694973514,2023,3,March,1
1088,2023-07-30,Eve,East,7997.55,1,Furniture,4384.64,4693.900000000001,New,0.14,Cash,Retail,East-Eve,4384.64,3612.91,45.17520990803433,2023,7,July,3
1002,2023-05-30,Eve,North,3737.17,44,Furniture,1393.58,1533.09,Returning,0.24,Credit Card,Retail,North-Eve,61317.52,-57580.35,-1540.7474104737005,2023,5,May,2
1026,2023-02-06,Bob,West,961.47,34,Electronics,68.33,219.08,New,0.02,Credit Card,Online,West-Bob,2323.22,-1361.7499999999998,-141.6320842043953,2023,2,February,1
1014,2023-12-18,David,East,5612.17,4,Furniture,854.68,1115.24,New,0.24,Credit Card,Retail,East-David,3418.72,2193.4500000000003,39.0838125003341,2023,12,December,4
1059,2023-11-08,David,South,8466.7,17,Clothing,1780.14,2185.42,Returning,0.15,Credit Card,Retail,South-David,30262.38,-21795.68,-257.4282778414258,2023,11,November,4
1056,2023-12-27,Bob,East,7979.67,4,Food,1612.82,1647.25,Returning,0.04,Credit Card,Retail,East-Bob,6451.28,1528.3900000000003,19.153548956285164,2023,12,December,4
1007,2023-02-28,Charlie,East,1833.72,43,Furniture,3967.25,4272.92,New,0.27,Credit Card,Online,East-Charlie,170591.75,-168758.03,-9203.04244922889,2023,2,February,1
1003,2023-05-11,Charlie,North,6760.37,26,Electronics,3418.78,3824.1,New,0.19,Credit Card,Online,North-Charlie,88888.28,-82127.91,-1214.843418333612,2023,5,May,2
1023,2023-07-21,Eve,North,2282.99,4,Clothing,1532.8,1619.69,Returning,0.05,Bank Transfer,Retail,North-Eve,6131.2,-3848.21,-168.5600900573371,2023,7,July,3
1018,2023-08-31,Alice,East,2260.25,1,Electronics,2315.83,2333.19,New,0.01,Cash,Retail,East-Alice,2315.83,-55.57999999999993,-2.459020019909299,2023,8,August,3
1038,2023-02-04,Charlie,North,8753.31,7,Furniture,523.02,686.25,Returning,0.04,Cash,Online,North-Charlie,3661.14,5092.17,58.17422209427063,2023,2,February,1
1099,2023-04-03,Alice,North,2571.72,30,Furniture,4495.82,4794.009999999999,New,0.18,Bank Transfer,Retail,North-Alice,134874.59999999998,-132302.87999999998,-5144.528953385282,2023,4,April,2
1015,2023-07-26,David,North,2706.15,9,Electronics,4680.35,4758.110000000001,Returning,0.05,Bank Transfer,Online,North-David,42123.15,-39417.0,-1456.5711435064575,2023,7,July,3
1064,2023-12-19,Alice,West,106.47,35,Clothing,4900.03,5118.83,Returning,0.07,Credit Card,Retail,West-Alice,171501.05,-171394.58,-160979.2241946088,2023,12,December,4
1089,2023-11-28,David,West,8719.62,8,Furniture,4349.34,4629.9800000000005,Returning,0.01,Credit Card,Online,West-David,34794.72,-26075.1,-299.0394076806099,2023,11,November,4
1028,2023-11-01,Bob,East,7946.69,24,Food,911.11,1214.56,New,0.22,Bank Transfer,Online,East-Bob,21866.64,-13919.95,-175.16664170868629,2023,11,November,4
1074,2023-12-16,Bob,North,6310.56,19,Furniture,278.67,423.13,New,0.24,Credit Card,Online,North-Bob,5294.7300000000005,1015.8299999999999,16.097303567353766,2023,12,December,4
1039,2023-08-01,Eve,West,7527.63,36,Clothing,2919.0,3125.01,New,0.24,Cash,Online,West-Eve,105084.0,-97556.37,-1295.977219921808,2023,8,August,3
1057,2023-06-08,Charlie,East,1605.28,43,Furniture,4567.39,4958.780000000001,New,0.04,Cash,Retail,East-Charlie,196397.77000000002,-194792.49000000002,-12134.486818498955,2023,6,June,2
1017,2023-01-24,Eve,North,4637.4,27,Electronics,927.89,1399.09,Returning,0.27,Credit Card,Online,North-Eve,25053.03,-20415.629999999997,-440.23871134687533,2023,1,January,1
1086,2023-10-20,David,South,3577.07,32,Furniture,84.86,517.18,Returning,0.2,Credit Card,Retail,South-David,2715.52,861.5500000000002,24.085354773599626,2023,10,October,4
1090,2023-01-04,Eve,North,1028.39,14,Furniture,4037.21,4323.71,Returning,0.27,Credit Card,Online,North-Eve,56520.94,-55492.55,-5396.060832952478,2023,1,January,1
1044,2023-08-08,Alice,North,4912.69,18,Clothing,430.14,641.18,New,0.13,Cash,Online,North-Alice,7742.5199999999995,-2829.83,-57.60245405266768,2023,8,August,3
1025,2023-12-30,David,West,9215.32,28,Electronics,2097.84,2270.99,New,0.13,Credit Card,Retail,West-David,58739.520000000004,-49524.200000000004,-537.4116145722559,2023,12,December,4
1017,2023-01-20,Bob,East,496.59,29,Clothing,3410.49,3481.72,New,0.24,Bank Transfer,Retail,East-Bob,98904.20999999999,-98407.62,-19816.67371473449,2023,1,January,1
1013,2023-06-01,Charlie,East,2985.46,16,Furniture,1222.15,1284.36,Returning,0.03,Credit Card,Retail,East-Charlie,19554.4,-16568.940000000002,-554.987841069718,2023,6,June,2
1084,2023-02-19,David,West,2154.66,35,Food,465.61,812.9100000000001,New,0.16,Bank Transfer,Online,West-David,16296.35,-14141.69,-656.3304651313897,2023,2,February,1
1025,2023-06-26,David,North,2457.65,47,Furniture,3861.61,3998.91,New,0.25,Credit Card,Online,North-David,181495.67,-179038.02000000002,-7284.927471364922,2023,6,June,2
1068,2023-04-06,Alice,South,9093.5,31,Clothing,3169.37,3304.15,Returning,0.25,Credit Card,Retail,South-Alice,98250.47,-89156.97,-980.4472425358773,2023,4,April,2
1010,2023-04-15,Charlie,North,4733.88,4,Food,4943.03,5442.15,Returning,0.29,Cash,Online,North-Charlie,19772.12,-15038.239999999998,-317.6726068256905,2023,4,April,2
1067,2023-09-07,Bob,North,4716.36,37,Clothing,1754.32,1856.4,New,0.21,Bank Transfer,Retail,North-Bob,64909.84,-60193.479999999996,-1276.2698352119007,2023,9,September,3
1018,2023-04-27,David,South,7629.7,17,Clothing,355.72,438.27,Returning,0.06,Bank Transfer,Online,South-David,6047.240000000001,1582.4599999999991,20.740789283982323,2023,4,April,2
1100,2023-12-20,David,West,1629.47,39,Electronics,3685.03,3743.39,New,0.01,Bank Transfer,Online,West-David,143716.17,-142086.7,-8719.810736006188,2023,12,December,4
1086,2023-08-16,Alice,East,4923.93,48,Food,2632.58,2926.68,Returning,0.14,Cash,Online,East-Alice,126363.84,-121439.91,-2466.3208047230564,2023,8,August,3
